id,accession_name,brix_percent,apparent_purity_percent,tiller_number,query_used,sra_uid_count,sra_uids,chosen_uid,srx,srr,srp,prjna,srs,samn,library_name,organism,instrument,title
ss_001,yunnan82-17,11.75,39.41,NA,PRJNA1303125 library_name=Ss_001,1,41002675,41002675,SRX30722290,SRR35670650,SRP608715,PRJNA1303125,SRS26739643,SAMN50496950,Ss_001,Saccharum spontaneum,DNBSEQ-T7,Whole genome resequencing of Saccharum spp.: young leaf
ss_002,yunnan82-44,12.8,38.35,11.33333333,PRJNA1303125 library_name=Ss_002,1,40443063,40443063,SRX30301069,SRR35197311,SRP608715,PRJNA1303125,SRS26349343,SAMN50496951,Ss_002,Saccharum spontaneum,DNBSEQ-T7,Whole genome resequencing of Saccharum spp.: young leaf
ss_003,yunnan83-202,16.4,38.11,NA,PRJNA1303125 library_name=Ss_003,1,41002676,41002676,SRX30722291,SRR35670649,SRP608715,PRJNA1303125,SRS26739644,SAMN50496952,Ss_003,Saccharum spontaneum,DNBSEQ-T7,Whole genome resequencing of Saccharum spp.: young leaf
ss_004,yunnan84-258,16.02,36.68,NA,PRJNA1303125 library_name=Ss_004,1,41002677,41002677,SRX30722292,SRR35670648,SRP608715,PRJNA1303125,SRS26739642,SAMN50496953,Ss_004,Saccharum spontaneum,DNBSEQ-T7,Whole genome resequencing of Saccharum spp.: young leaf
ss_005,yunnan82-33,17.32,48.77,6.333333333,PRJNA1303125 library_name=Ss_005,1,41002678,41002678,SRX30722293,SRR35670647,SRP608715,PRJNA1303125,SRS26739645,SAMN50496954,Ss_005,Saccharum spontaneum,DNBSEQ-T7,Whole genome resequencing of Saccharum spp.: young leaf
ss_006,fujian88-Ⅰ-4,16.07,23.01,7.666666667,PRJNA1303125 library_name=Ss_006,1,41002679,41002679,SRX30722294,SRR35670646,SRP608715,PRJNA1303125,SRS26739646,SAMN50496955,Ss_006,Saccharum spontaneum,DNBSEQ-T7,Whole genome resequencing of Saccharum spp.: young leaf
ss_007,fujian89-Ⅰ-4,15.17,49.58,14.66666667,PRJNA1303125 library_name=Ss_007,1,41002680,41002680,SRX30722295,SRR35670645,SRP608715,PRJNA1303125,SRS26739648,SAMN50496956,Ss_007,Saccharum spontaneum,DNBSEQ-T7,Whole genome resequencing of Saccharum spp.: young leaf
ss_008,fujian88-Ⅰ-7,19.1,47.06,17.33333333,PRJNA1303125 library_name=Ss_008,1,41002682,41002682,SRX30722297,SRR35670643,SRP608715,PRJNA1303125,SRS26739649,SAMN50496957,Ss_008,Saccharum spontaneum,DNBSEQ-T7,Whole genome resequencing of Saccharum spp.: young leaf
ss_010,sichuan79-Ⅱ-16,20.39,51.28,7.666666667,PRJNA1303125 library_name=Ss_010,1,40443064,40443064,SRX30301070,SRR35197310,SRP608715,PRJNA1303125,SRS26349344,SAMN50496958,Ss_010,Saccharum spontaneum,DNBSEQ-T7,Whole genome resequencing of Saccharum spp.: young leaf
ss_011,sichuan88-22,13.41,30.61,11,PRJNA1303125 library_name=Ss_011,1,41002683,41002683,SRX30722298,SRR35670642,SRP608715,PRJNA1303125,SRS26739650,SAMN50496959,Ss_011,Saccharum spontaneum,DNBSEQ-T7,Whole genome resequencing of Saccharum spp.: young leaf
ss_012,sichuan88-8,18.86,51.95,7.666666667,PRJNA1303125 library_name=Ss_012,1,40443075,40443075,SRX30301081,SRR35197299,SRP608715,PRJNA1303125,SRS26349355,SAMN50496960,Ss_012,Saccharum spontaneum,DNBSEQ-T7,Whole genome resequencing of Saccharum spp.: young leaf
ss_013,sichuan92-50,18.67,48.88,12.66666667,PRJNA1303125 library_name=Ss_013,1,41002684,41002684,SRX30722299,SRR35670641,SRP608715,PRJNA1303125,SRS26739651,SAMN50496961,Ss_013,Saccharum spontaneum,DNBSEQ-T7,Whole genome resequencing of Saccharum spp.: young leaf
ss_014,yunnan76-Ⅱ-32,17.53,47.17,5.333333333,PRJNA1303125 library_name=Ss_014,1,40443086,40443086,SRX30301092,SRR35197288,SRP608715,PRJNA1303125,SRS26349366,SAMN50496962,Ss_014,Saccharum spontaneum,DNBSEQ-T7,Whole genome resequencing of Saccharum spp.: young leaf
ss_015,yunnan75-Ⅱ-17,17.13,59.89,8.666666667,PRJNA1303125 library_name=Ss_015,1,41136181,41136181,SRX30825575,SRR35776250,SRP608715,PRJNA1303125,SRS26835399,SAMN50496963,Ss_015,Saccharum spontaneum,DNBSEQ-T7,Whole genome resequencing of Saccharum spp.: young leaf
ss_016,yunnan75-Ⅱ-43,16.44,7.1,4.666666667,PRJNA1303125 library_name=Ss_016,1,40443097,40443097,SRX30301103,SRR35197277,SRP608715,PRJNA1303125,SRS26349377,SAMN50496964,Ss_016,Saccharum spontaneum,DNBSEQ-T7,Whole genome resequencing of Saccharum spp.: young leaf
ss_017,yunnan82-25,12.21,21.36,24.33333333,PRJNA1303125 library_name=Ss_017,1,41203043,41203043,SRX30883357,SRR35834125,SRP608715,PRJNA1303125,SRS26885912,SAMN50496965,Ss_017,Saccharum spontaneum,DNBSEQ-T7,Whole genome resequencing of Saccharum spp.: young leaf
ss_018,yunnan82-26,10.21,27.22,9,PRJNA1303125 library_name=Ss_018,1,41203044,41203044,SRX30883358,SRR35834124,SRP608715,PRJNA1303125,SRS26885913,SAMN50496966,Ss_018,Saccharum spontaneum,DNBSEQ-T7,Whole genome resequencing of Saccharum spp.: young leaf
ss_019,yunnan82-48,15.52,31.13,9,PRJNA1303125 library_name=Ss_019,1,40443108,40443108,SRX30301114,SRR35197266,SRP608715,PRJNA1303125,SRS26349388,SAMN50496967,Ss_019,Saccharum spontaneum,DNBSEQ-T7,Whole genome resequencing of Saccharum spp.: young leaf
ss_020,yunnan82-50,18.43,43.92,15,PRJNA1303125 library_name=Ss_020,1,41136179,41136179,SRX30825573,SRR35776252,SRP608715,PRJNA1303125,SRS26835397,SAMN50496968,Ss_020,Saccharum spontaneum,DNBSEQ-T7,Whole genome resequencing of Saccharum spp.: young leaf
ss_021,yunnan82-58,16.66,42.81,11,PRJNA1303125 library_name=Ss_021,1,40443119,40443119,SRX30301125,SRR35197255,SRP608715,PRJNA1303125,SRS26349398,SAMN50496969,Ss_021,Saccharum spontaneum,DNBSEQ-T7,Whole genome resequencing of Saccharum spp.: young leaf
ss_022,yunnan82-59,17.97,20.69,15.33333333,PRJNA1303125 library_name=Ss_022,1,41203055,41203055,SRX30883369,SRR35834113,SRP608715,PRJNA1303125,SRS26885924,SAMN50496970,Ss_022,Saccharum spontaneum,DNBSEQ-T7,Whole genome resequencing of Saccharum spp.: young leaf
ss_023,yunnan83-173,13.32,44.97,5,PRJNA1303125 library_name=Ss_023,1,40443120,40443120,SRX30301126,SRR35197254,SRP608715,PRJNA1303125,SRS26349399,SAMN50496971,Ss_023,Saccharum spontaneum,DNBSEQ-T7,Whole genome resequencing of Saccharum spp.: young leaf
ss_024,yunnan83-190,19.21,47.16,10,PRJNA1303125 library_name=Ss_024,1,41203066,41203066,SRX30883380,SRR35834102,SRP608715,PRJNA1303125,SRS26885935,SAMN50496972,Ss_024,Saccharum spontaneum,DNBSEQ-T7,Whole genome resequencing of Saccharum spp.: young leaf
ss_025,yunnan83-196,12.68,42.66,11.33333333,PRJNA1303125 library_name=Ss_025,1,40443121,40443121,SRX30301127,SRR35197253,SRP608715,PRJNA1303125,SRS26349401,SAMN50496973,Ss_025,Saccharum spontaneum,DNBSEQ-T7,Whole genome resequencing of Saccharum spp.: young leaf
ss_026,yunnan83-205,13.63,38.81,11.66666667,PRJNA1303125 library_name=Ss_026,1,41203077,41203077,SRX30883391,SRR35834091,SRP608715,PRJNA1303125,SRS26885946,SAMN50496974,Ss_026,Saccharum spontaneum,DNBSEQ-T7,Whole genome resequencing of Saccharum spp.: young leaf
ss_027,yunnan83-206,14.63,42.22,12,PRJNA1303125 library_name=Ss_027,1,40443122,40443122,SRX30301128,SRR35197252,SRP608715,PRJNA1303125,SRS26349402,SAMN50496975,Ss_027,Saccharum spontaneum,DNBSEQ-T7,Whole genome resequencing of Saccharum spp.: young leaf
ss_028,yunnan83-225,12.95,38.86,10,PRJNA1303125 library_name=Ss_028,1,41203088,41203088,SRX30883402,SRR35834080,SRP608715,PRJNA1303125,SRS26885958,SAMN50496976,Ss_028,Saccharum spontaneum,DNBSEQ-T7,Whole genome resequencing of Saccharum spp.: young leaf
ss_029,yunnan83-240,15.89,29.59,7.333333333,PRJNA1303125 library_name=Ss_029,1,40443065,40443065,SRX30301071,SRR35197309,SRP608715,PRJNA1303125,SRS26349345,SAMN50496977,Ss_029,Saccharum spontaneum,DNBSEQ-T7,Whole genome resequencing of Saccharum spp.: young leaf
ss_030,guangdong-6,14.87,35.73,10.66666667,PRJNA1303125 library_name=Ss_030,1,41203098,41203098,SRX30883412,SRR35834070,SRP608715,PRJNA1303125,SRS26885967,SAMN50496978,Ss_030,Saccharum spontaneum,DNBSEQ-T7,Whole genome resequencing of Saccharum spp.: young leaf
ss_031,guangdong-12,17.44,49.55,12,PRJNA1303125 library_name=Ss_031,1,40443066,40443066,SRX30301072,SRR35197308,SRP608715,PRJNA1303125,SRS26349346,SAMN50496979,Ss_031,Saccharum spontaneum,DNBSEQ-T7,Whole genome resequencing of Saccharum spp.: young leaf
ss_032,guangdong-17,14.35,38.82,13.33333333,PRJNA1303125 library_name=Ss_032,1,41203099,41203099,SRX30883413,SRR35834069,SRP608715,PRJNA1303125,SRS26885968,SAMN50496980,Ss_032,Saccharum spontaneum,DNBSEQ-T7,Whole genome resequencing of Saccharum spp.: young leaf
ss_033,guangdong-60,17.89,52,22.66666667,PRJNA1303125 library_name=Ss_033,1,40211267,40211267,SRX30096626,SRR34977627,SRP608715,PRJNA1303125,SRS26161433,SAMN50496981,Ss_033,Saccharum spontaneum,DNBSEQ-T7,Whole genome resequencing of Saccharum spp.: young leaf
ss_034,guizhou78-Ⅱ-012,18.83,50.74,6.666666667,PRJNA1303125 library_name=Ss_034,1,41203100,41203100,SRX30883414,SRR35834068,SRP608715,PRJNA1303125,SRS26885970,SAMN50496982,Ss_034,Saccharum spontaneum,DNBSEQ-T7,Whole genome resequencing of Saccharum spp.: young leaf
ss_035,jiangxi79-17,17.92,46.09,11,PRJNA1303125 library_name=Ss_035,1,40211205,40211205,SRX30096564,SRR34977689,SRP608715,PRJNA1303125,SRS26161371,SAMN50496983,Ss_035,Saccharum spontaneum,DNBSEQ-T7,Whole genome resequencing of Saccharum spp.: young leaf
ss_036,jiangxi79-27,18.29,44.7,10.66666667,PRJNA1303125 library_name=Ss_036,1,41203101,41203101,SRX30883415,SRR35834067,SRP608715,PRJNA1303125,SRS26885969,SAMN50496984,Ss_036,Saccharum spontaneum,DNBSEQ-T7,Whole genome resequencing of Saccharum spp.: young leaf
ss_037,sichuan74-Ⅰ-14,19.64,43.83,12.33333333,PRJNA1303125 library_name=Ss_037,1,40211206,40211206,SRX30096565,SRR34977688,SRP608715,PRJNA1303125,SRS26161372,SAMN50496985,Ss_037,Saccharum spontaneum,DNBSEQ-T7,Whole genome resequencing of Saccharum spp.: young leaf
ss_038,sichuan76-Ⅱ-16,16.86,36.73,9.666666667,PRJNA1303125 library_name=Ss_038,1,41203045,41203045,SRX30883359,SRR35834123,SRP608715,PRJNA1303125,SRS26885914,SAMN50496986,Ss_038,Saccharum spontaneum,DNBSEQ-T7,Whole genome resequencing of Saccharum spp.: young leaf
ss_040,sichuan79-Ⅰ-19,17.65,51.51,10.33333333,PRJNA1303125 library_name=Ss_040,1,41203046,41203046,SRX30883360,SRR35834122,SRP608715,PRJNA1303125,SRS26885915,SAMN50496987,Ss_040,Saccharum spontaneum,DNBSEQ-T7,Whole genome resequencing of Saccharum spp.: young leaf
ss_041,sichuan79-Ⅰ-27,18.97,54.19,9,PRJNA1303125 library_name=Ss_041,1,40211207,40211207,SRX30096566,SRR34977687,SRP608715,PRJNA1303125,SRS26161373,SAMN50496988,Ss_041,Saccharum spontaneum,DNBSEQ-T7,Whole genome resequencing of Saccharum spp.: young leaf
ss_042,sichuan79-Ⅰ-4,20.2,51.58,NA,PRJNA1303125 library_name=Ss_042,1,41203047,41203047,SRX30883361,SRR35834121,SRP608715,PRJNA1303125,SRS26885916,SAMN50496989,Ss_042,Saccharum spontaneum,DNBSEQ-T7,Whole genome resequencing of Saccharum spp.: young leaf
ss_043,sichuan88-4,19.05,45.44,14.33333333,PRJNA1303125 library_name=Ss_043,1,40211208,40211208,SRX30096567,SRR34977686,SRP608715,PRJNA1303125,SRS26161374,SAMN50496990,Ss_043,Saccharum spontaneum,DNBSEQ-T7,Whole genome resequencing of Saccharum spp.: young leaf
ss_044,sichuan92-12,12.47,45,8.333333333,PRJNA1303125 library_name=Ss_044,1,41203048,41203048,SRX30883362,SRR35834120,SRP608715,PRJNA1303125,SRS26885917,SAMN50496991,Ss_044,Saccharum spontaneum,DNBSEQ-T7,Whole genome resequencing of Saccharum spp.: young leaf
ss_045,sichuan92-14,14.45,39.18,11.66666667,PRJNA1303125 library_name=Ss_045,1,40211210,40211210,SRX30096569,SRR34977684,SRP608715,PRJNA1303125,SRS26161376,SAMN50496992,Ss_045,Saccharum spontaneum,DNBSEQ-T7,Whole genome resequencing of Saccharum spp.: young leaf
ss_046,sichuan92-16,17.39,46.48,18.66666667,PRJNA1303125 library_name=Ss_046,1,41136178,41136178,SRX30825572,SRR35776253,SRP608715,PRJNA1303125,SRS26835396,SAMN50496993,Ss_046,Saccharum spontaneum,DNBSEQ-T7,Whole genome resequencing of Saccharum spp.: young leaf
ss_047,sichuan92-38,19.07,55.23,10.33333333,PRJNA1303125 library_name=Ss_047,1,40211211,40211211,SRX30096570,SRR34977683,SRP608715,PRJNA1303125,SRS26161377,SAMN50496994,Ss_047,Saccharum spontaneum,DNBSEQ-T7,Whole genome resequencing of Saccharum spp.: young leaf
ss_048,yunnan76-Ⅰ-024,17.52,50.24,9,PRJNA1303125 library_name=Ss_048,1,41203049,41203049,SRX30883363,SRR35834119,SRP608715,PRJNA1303125,SRS26885918,SAMN50496995,Ss_048,Saccharum spontaneum,DNBSEQ-T7,Whole genome resequencing of Saccharum spp.: young leaf
ss_049,yunnan75-Ⅱ-35,16.35,43.94,7.333333333,PRJNA1303125 library_name=Ss_049,1,41203050,41203050,SRX30883364,SRR35834118,SRP608715,PRJNA1303125,SRS26885919,SAMN50496996,Ss_049,Saccharum spontaneum,DNBSEQ-T7,Whole genome resequencing of Saccharum spp.: young leaf
ss_050,yunnan76-Ⅲ-20,14.43,32.41,9,PRJNA1303125 library_name=Ss_050,1,41136177,41136177,SRX30825571,SRR35776254,SRP608715,PRJNA1303125,SRS26835395,SAMN50496997,Ss_050,Saccharum spontaneum,DNBSEQ-T7,Whole genome resequencing of Saccharum spp.: young leaf
ss_051,yunnan82-103,12.13,40.63,6.666666667,PRJNA1303125 library_name=Ss_051,1,41203051,41203051,SRX30883365,SRR35834117,SRP608715,PRJNA1303125,SRS26885920,SAMN50496998,Ss_051,Saccharum spontaneum,DNBSEQ-T7,Whole genome resequencing of Saccharum spp.: young leaf
ss_052,yunnan82-12,11.82,35.79,11.33333333,PRJNA1303125 library_name=Ss_052,1,41203052,41203052,SRX30883366,SRR35834116,SRP608715,PRJNA1303125,SRS26885921,SAMN50496999,Ss_052,Saccharum spontaneum,DNBSEQ-T7,Whole genome resequencing of Saccharum spp.: young leaf
ss_053,yunnan82-20,11.19,33.7,14,PRJNA1303125 library_name=Ss_053,1,41203053,41203053,SRX30883367,SRR35834115,SRP608715,PRJNA1303125,SRS26885922,SAMN50497000,Ss_053,Saccharum spontaneum,DNBSEQ-T7,Whole genome resequencing of Saccharum spp.: young leaf
ss_054,yunnan82-34,12.59,41.6,10,PRJNA1303125 library_name=Ss_054,1,41203054,41203054,SRX30883368,SRR35834114,SRP608715,PRJNA1303125,SRS26885923,SAMN50497001,Ss_054,Saccharum spontaneum,DNBSEQ-T7,Whole genome resequencing of Saccharum spp.: young leaf
ss_055,yunnan83-189,13.02,43.78,6.333333333,PRJNA1303125 library_name=Ss_055,1,41203056,41203056,SRX30883370,SRR35834112,SRP608715,PRJNA1303125,SRS26885925,SAMN50497002,Ss_055,Saccharum spontaneum,DNBSEQ-T7,Whole genome resequencing of Saccharum spp.: young leaf
ss_056,yunnan83-207,13.87,42.58,6.333333333,PRJNA1303125 library_name=Ss_056,1,41203057,41203057,SRX30883371,SRR35834111,SRP608715,PRJNA1303125,SRS26885926,SAMN50497003,Ss_056,Saccharum spontaneum,DNBSEQ-T7,Whole genome resequencing of Saccharum spp.: young leaf
ss_057,yunnan83-213,16.11,48.56,11.66666667,PRJNA1303125 library_name=Ss_057,1,41203058,41203058,SRX30883372,SRR35834110,SRP608715,PRJNA1303125,SRS26885927,SAMN50497004,Ss_057,Saccharum spontaneum,DNBSEQ-T7,Whole genome resequencing of Saccharum spp.: young leaf
ss_058,yunnan83-231,13.99,34.77,6,PRJNA1303125 library_name=Ss_058,1,41203059,41203059,SRX30883373,SRR35834109,SRP608715,PRJNA1303125,SRS26885928,SAMN50497005,Ss_058,Saccharum spontaneum,DNBSEQ-T7,Whole genome resequencing of Saccharum spp.: young leaf
ss_059,yunnan83-235,15.81,36.09,17.66666667,PRJNA1303125 library_name=Ss_059,1,41203060,41203060,SRX30883374,SRR35834108,SRP608715,PRJNA1303125,SRS26885929,SAMN50497006,Ss_059,Saccharum spontaneum,DNBSEQ-T7,Whole genome resequencing of Saccharum spp.: young leaf
ss_060,yunnan84-247,16.93,35.42,14,PRJNA1303125 library_name=Ss_060,1,41203061,41203061,SRX30883375,SRR35834107,SRP608715,PRJNA1303125,SRS26885930,SAMN50497007,Ss_060,Saccharum spontaneum,DNBSEQ-T7,Whole genome resequencing of Saccharum spp.: young leaf
ss_061,yunnan84-259,17.41,39.14,11.33333333,PRJNA1303125 library_name=Ss_061,1,41203062,41203062,SRX30883376,SRR35834106,SRP608715,PRJNA1303125,SRS26885931,SAMN50497008,Ss_061,Saccharum spontaneum,DNBSEQ-T7,Whole genome resequencing of Saccharum spp.: young leaf
ss_062,yunnan84-264,15.12,28.77,10,PRJNA1303125 library_name=Ss_062,1,41203063,41203063,SRX30883377,SRR35834105,SRP608715,PRJNA1303125,SRS26885932,SAMN50497009,Ss_062,Saccharum spontaneum,DNBSEQ-T7,Whole genome resequencing of Saccharum spp.: young leaf
ss_063,yunnanheqing,14.93,59.76,8.666666667,PRJNA1303125 library_name=Ss_063,1,41203064,41203064,SRX30883378,SRR35834104,SRP608715,PRJNA1303125,SRS26885933,SAMN50497010,Ss_063,Saccharum spontaneum,DNBSEQ-T7,Whole genome resequencing of Saccharum spp.: young leaf
ss_064,yunnankaiyuan,15.81,42.58,7.666666667,PRJNA1303125 library_name=Ss_064,1,41002685,41002685,SRX30722300,SRR35670640,SRP608715,PRJNA1303125,SRS26739652,SAMN50497011,Ss_064,Saccharum spontaneum,DNBSEQ-T7,Whole genome resequencing of Saccharum spp.: young leaf
ss_065,fujian88-Ⅰ-13,15.7,22.79,9.666666667,PRJNA1303125 library_name=Ss_065,1,41203065,41203065,SRX30883379,SRR35834103,SRP608715,PRJNA1303125,SRS26885934,SAMN50497012,Ss_065,Saccharum spontaneum,DNBSEQ-T7,Whole genome resequencing of Saccharum spp.: young leaf
ss_066,fujian88-Ⅰ-12,15.15,22.7,13,PRJNA1303125 library_name=Ss_066,1,41203067,41203067,SRX30883381,SRR35834101,SRP608715,PRJNA1303125,SRS26885936,SAMN50497013,Ss_066,Saccharum spontaneum,DNBSEQ-T7,Whole genome resequencing of Saccharum spp.: young leaf
ss_067,fujian89-Ⅰ-7,15.86,32.29,8,PRJNA1303125 library_name=Ss_067,1,41203068,41203068,SRX30883382,SRR35834100,SRP608715,PRJNA1303125,SRS26885937,SAMN50497014,Ss_067,Saccharum spontaneum,DNBSEQ-T7,Whole genome resequencing of Saccharum spp.: young leaf
ss_068,guangdong-8,14.96,46.52,16,PRJNA1303125 library_name=Ss_068,1,41203069,41203069,SRX30883383,SRR35834099,SRP608715,PRJNA1303125,SRS26885938,SAMN50497015,Ss_068,Saccharum spontaneum,DNBSEQ-T7,Whole genome resequencing of Saccharum spp.: young leaf
ss_069,guangdong-67,14.33,46.63,12,PRJNA1303125 library_name=Ss_069,1,41136201,41136201,SRX30825595,SRR35776230,SRP608715,PRJNA1303125,SRS26835420,SAMN50497016,Ss_069,Saccharum spontaneum,DNBSEQ-T7,Whole genome resequencing of Saccharum spp.: young leaf
ss_070,sichuan79-Ⅱ-10,16.61,50.26,13.33333333,PRJNA1303125 library_name=Ss_070,1,41203070,41203070,SRX30883384,SRR35834098,SRP608715,PRJNA1303125,SRS26885939,SAMN50497017,Ss_070,Saccharum spontaneum,DNBSEQ-T7,Whole genome resequencing of Saccharum spp.: young leaf
ss_071,yunnan82-132,14.06,42.66,8.666666667,PRJNA1303125 library_name=Ss_071,1,41203071,41203071,SRX30883385,SRR35834097,SRP608715,PRJNA1303125,SRS26885940,SAMN50497018,Ss_071,Saccharum spontaneum,DNBSEQ-T7,Whole genome resequencing of Saccharum spp.: young leaf
ss_072,yunnan82-136,15.07,44.96,13,PRJNA1303125 library_name=Ss_072,1,41136200,41136200,SRX30825594,SRR35776231,SRP608715,PRJNA1303125,SRS26835418,SAMN50497019,Ss_072,Saccharum spontaneum,DNBSEQ-T7,Whole genome resequencing of Saccharum spp.: young leaf
ss_073,yunnan83-193,16.95,43.74,11,PRJNA1303125 library_name=Ss_073,1,41203072,41203072,SRX30883386,SRR35834096,SRP608715,PRJNA1303125,SRS26885942,SAMN50497020,Ss_073,Saccharum spontaneum,DNBSEQ-T7,Whole genome resequencing of Saccharum spp.: young leaf
ss_074,fujian92-Ⅰ-12,17.3,42.49,14.33333333,PRJNA1303125 library_name=Ss_074,1,41203073,41203073,SRX30883387,SRR35834095,SRP608715,PRJNA1303125,SRS26885941,SAMN50497021,Ss_074,Saccharum spontaneum,DNBSEQ-T7,Whole genome resequencing of Saccharum spp.: young leaf
ss_075,guangdong-45,9.98,28.4,6.333333333,PRJNA1303125 library_name=Ss_075,1,41203074,41203074,SRX30883388,SRR35834094,SRP608715,PRJNA1303125,SRS26885943,SAMN50497022,Ss_075,Saccharum spontaneum,DNBSEQ-T7,Whole genome resequencing of Saccharum spp.: young leaf
ss_076,guangdong-50,15.81,53.61,19.66666667,PRJNA1303125 library_name=Ss_076,1,40211212,40211212,SRX30096571,SRR34977682,SRP608715,PRJNA1303125,SRS26161378,SAMN50497023,Ss_076,Saccharum spontaneum,DNBSEQ-T7,Whole genome resequencing of Saccharum spp.: young leaf
ss_077,guangdong-74,13.92,29.8,7.333333333,PRJNA1303125 library_name=Ss_077,1,40443067,40443067,SRX30301073,SRR35197307,SRP608715,PRJNA1303125,SRS26349347,SAMN50497024,Ss_077,Saccharum spontaneum,DNBSEQ-T7,Whole genome resequencing of Saccharum spp.: young leaf
ss_078,yunnan75-Ⅰ-6,13.9,30.37,8,PRJNA1303125 library_name=Ss_078,1,40443068,40443068,SRX30301074,SRR35197306,SRP608715,PRJNA1303125,SRS26349348,SAMN50497025,Ss_078,Saccharum spontaneum,DNBSEQ-T7,Whole genome resequencing of Saccharum spp.: young leaf
ss_079,yunnan75-Ⅱ-8,16.74,38.63,8,PRJNA1303125 library_name=Ss_079,1,40443069,40443069,SRX30301075,SRR35197305,SRP608715,PRJNA1303125,SRS26349349,SAMN50497026,Ss_079,Saccharum spontaneum,DNBSEQ-T7,Whole genome resequencing of Saccharum spp.: young leaf
ss_080,yunnan76-Ⅰ-012,15.41,51.87,16.33333333,PRJNA1303125 library_name=Ss_080,1,40443070,40443070,SRX30301076,SRR35197304,SRP608715,PRJNA1303125,SRS26349350,SAMN50497027,Ss_080,Saccharum spontaneum,DNBSEQ-T7,Whole genome resequencing of Saccharum spp.: young leaf
ss_081,yunnan82-84,12.06,30.11,12.33333333,PRJNA1303125 library_name=Ss_081,1,40443071,40443071,SRX30301077,SRR35197303,SRP608715,PRJNA1303125,SRS26349351,SAMN50497028,Ss_081,Saccharum spontaneum,DNBSEQ-T7,Whole genome resequencing of Saccharum spp.: young leaf
ss_082,yunnan83-163,16.12,50.97,7,PRJNA1303125 library_name=Ss_082,1,40443072,40443072,SRX30301078,SRR35197302,SRP608715,PRJNA1303125,SRS26349352,SAMN50497029,Ss_082,Saccharum spontaneum,DNBSEQ-T7,Whole genome resequencing of Saccharum spp.: young leaf
ss_083,yunnan83-201,15.94,28.88,15.33333333,PRJNA1303125 library_name=Ss_083,1,40211213,40211213,SRX30096572,SRR34977681,SRP608715,PRJNA1303125,SRS26161379,SAMN50497030,Ss_083,Saccharum spontaneum,DNBSEQ-T7,Whole genome resequencing of Saccharum spp.: young leaf
ss_084,yunnan83-208,12.56,20.36,15.66666667,PRJNA1303125 library_name=Ss_084,1,40443073,40443073,SRX30301079,SRR35197301,SRP608715,PRJNA1303125,SRS26349353,SAMN50497031,Ss_084,Saccharum spontaneum,DNBSEQ-T7,Whole genome resequencing of Saccharum spp.: young leaf
ss_085,yunnan84-248,14.74,41.39,5,PRJNA1303125 library_name=Ss_085,1,40443074,40443074,SRX30301080,SRR35197300,SRP608715,PRJNA1303125,SRS26349354,SAMN50497032,Ss_085,Saccharum spontaneum,DNBSEQ-T7,Whole genome resequencing of Saccharum spp.: young leaf
ss_086,yunnan84-251,17.27,48.64,11,PRJNA1303125 library_name=Ss_086,1,41203075,41203075,SRX30883389,SRR35834093,SRP608715,PRJNA1303125,SRS26885944,SAMN50497033,Ss_086,Saccharum spontaneum,DNBSEQ-T7,Whole genome resequencing of Saccharum spp.: young leaf
ss_087,yunnan84-256,15.32,38.14,9.666666667,PRJNA1303125 library_name=Ss_087,1,41203076,41203076,SRX30883390,SRR35834092,SRP608715,PRJNA1303125,SRS26885945,SAMN50497034,Ss_087,Saccharum spontaneum,DNBSEQ-T7,Whole genome resequencing of Saccharum spp.: young leaf
ss_088,hainan92-14,16.98,46.1,5.666666667,PRJNA1303125 library_name=Ss_088,1,41203078,41203078,SRX30883392,SRR35834090,SRP608715,PRJNA1303125,SRS26885947,SAMN50497035,Ss_088,Saccharum spontaneum,DNBSEQ-T7,Whole genome resequencing of Saccharum spp.: young leaf
ss_089,guangdong-58,18.02,51.88,11,PRJNA1303125 library_name=Ss_089,1,41203079,41203079,SRX30883393,SRR35834089,SRP608715,PRJNA1303125,SRS26885948,SAMN50497036,Ss_089,Saccharum spontaneum,DNBSEQ-T7,Whole genome resequencing of Saccharum spp.: young leaf
ss_090,yunnan83-200,11.79,29.56,10.66666667,PRJNA1303125 library_name=Ss_090,1,41203080,41203080,SRX30883394,SRR35834088,SRP608715,PRJNA1303125,SRS26885949,SAMN50497037,Ss_090,Saccharum spontaneum,DNBSEQ-T7,Whole genome resequencing of Saccharum spp.: young leaf
ss_091,yunnan87-40,11.64,35.94,8.333333333,PRJNA1303125 library_name=Ss_091,1,41136199,41136199,SRX30825593,SRR35776232,SRP608715,PRJNA1303125,SRS26835417,SAMN50497038,Ss_091,Saccharum spontaneum,DNBSEQ-T7,Whole genome resequencing of Saccharum spp.: young leaf
ss_092,guangdong-3,14.64,54.3,14.33333333,PRJNA1303125 library_name=Ss_092,1,41203081,41203081,SRX30883395,SRR35834087,SRP608715,PRJNA1303125,SRS26885950,SAMN50497039,Ss_092,Saccharum spontaneum,DNBSEQ-T7,Whole genome resequencing of Saccharum spp.: young leaf
ss_093,guizhou78-Ⅱ-09,17.83,56.96,7.666666667,PRJNA1303125 library_name=Ss_093,1,41203082,41203082,SRX30883396,SRR35834086,SRP608715,PRJNA1303125,SRS26885951,SAMN50497040,Ss_093,Saccharum spontaneum,DNBSEQ-T7,Whole genome resequencing of Saccharum spp.: young leaf
ss_094,yunnan75-Ⅱ-28,15.53,43.42,16.33333333,PRJNA1303125 library_name=Ss_094,1,41136198,41136198,SRX30825592,SRR35776233,SRP608715,PRJNA1303125,SRS26835416,SAMN50497041,Ss_094,Saccharum spontaneum,DNBSEQ-T7,Whole genome resequencing of Saccharum spp.: young leaf
ss_095,yunnan76-Ⅲ-13,14.54,52.16,7.666666667,PRJNA1303125 library_name=Ss_095,1,41203083,41203083,SRX30883397,SRR35834085,SRP608715,PRJNA1303125,SRS26885952,SAMN50497042,Ss_095,Saccharum spontaneum,DNBSEQ-T7,Whole genome resequencing of Saccharum spp.: young leaf
ss_096,yunnan82-145,16.83,31.6,15,PRJNA1303125 library_name=Ss_096,1,41203084,41203084,SRX30883398,SRR35834084,SRP608715,PRJNA1303125,SRS26885953,SAMN50497043,Ss_096,Saccharum spontaneum,DNBSEQ-T7,Whole genome resequencing of Saccharum spp.: young leaf
ss_097,yunnan87-26,13.6,37.98,6.666666667,PRJNA1303125 library_name=Ss_097,1,41203085,41203085,SRX30883399,SRR35834083,SRP608715,PRJNA1303125,SRS26885954,SAMN50497044,Ss_097,Saccharum spontaneum,DNBSEQ-T7,Whole genome resequencing of Saccharum spp.: young leaf
ss_098,yunnan83-159,16.39,47.4,9.333333333,PRJNA1303125 library_name=Ss_098,1,40211214,40211214,SRX30096573,SRR34977680,SRP608715,PRJNA1303125,SRS26161380,SAMN50497045,Ss_098,Saccharum spontaneum,DNBSEQ-T7,Whole genome resequencing of Saccharum spp.: young leaf
ss_099,guangdong-2,17.47,49.16,14.33333333,PRJNA1303125 library_name=Ss_099,1,41203086,41203086,SRX30883400,SRR35834082,SRP608715,PRJNA1303125,SRS26885955,SAMN50497046,Ss_099,Saccharum spontaneum,DNBSEQ-T7,Whole genome resequencing of Saccharum spp.: young leaf
ss_100,yunnan83-157,15.73,45.3,8,PRJNA1303125 library_name=Ss_100,1,40211215,40211215,SRX30096574,SRR34977679,SRP608715,PRJNA1303125,SRS26161381,SAMN50497047,Ss_100,Saccharum spontaneum,DNBSEQ-T7,Whole genome resequencing of Saccharum spp.: young leaf
ss_101,yunnan83-166,17.44,45.73,7.333333333,PRJNA1303125 library_name=Ss_101,1,41203087,41203087,SRX30883401,SRR35834081,SRP608715,PRJNA1303125,SRS26885956,SAMN50497048,Ss_101,Saccharum spontaneum,DNBSEQ-T7,Whole genome resequencing of Saccharum spp.: young leaf
ss_102,fujian88-Ⅰ-3,16.52,22.63,16.66666667,PRJNA1303125 library_name=Ss_102,1,40211216,40211216,SRX30096575,SRR34977678,SRP608715,PRJNA1303125,SRS26161382,SAMN50497049,Ss_102,Saccharum spontaneum,DNBSEQ-T7,Whole genome resequencing of Saccharum spp.: young leaf
ss_103,fujian79-Ⅱ-4,17.27,33.13,10.33333333,PRJNA1303125 library_name=Ss_103,1,41203089,41203089,SRX30883403,SRR35834079,SRP608715,PRJNA1303125,SRS26885957,SAMN50497050,Ss_103,Saccharum spontaneum,DNBSEQ-T7,Whole genome resequencing of Saccharum spp.: young leaf
ss_104,fujian92-Ⅰ-11,16.03,21.37,12.66666667,PRJNA1303125 library_name=Ss_104,1,40211217,40211217,SRX30096576,SRR34977677,SRP608715,PRJNA1303125,SRS26161383,SAMN50497051,Ss_104,Saccharum spontaneum,DNBSEQ-T7,Whole genome resequencing of Saccharum spp.: young leaf
ss_105,fujian92-Ⅰ-19,15.81,21.54,7.333333333,PRJNA1303125 library_name=Ss_105,1,41136197,41136197,SRX30825591,SRR35776234,SRP608715,PRJNA1303125,SRS26835415,SAMN50497052,Ss_105,Saccharum spontaneum,DNBSEQ-T7,Whole genome resequencing of Saccharum spp.: young leaf
ss_106,sichuan79-Ⅰ-16,18.95,47.32,13.66666667,PRJNA1303125 library_name=Ss_106,1,40211218,40211218,SRX30096577,SRR34977676,SRP608715,PRJNA1303125,SRS26161384,SAMN50497053,Ss_106,Saccharum spontaneum,DNBSEQ-T7,Whole genome resequencing of Saccharum spp.: young leaf
ss_107,sichuan79-Ⅰ-21,17.05,39.6,8.666666667,PRJNA1303125 library_name=Ss_107,1,41203090,41203090,SRX30883404,SRR35834078,SRP608715,PRJNA1303125,SRS26885959,SAMN50497054,Ss_107,Saccharum spontaneum,DNBSEQ-T7,Whole genome resequencing of Saccharum spp.: young leaf
ss_108,sichuan79-Ⅱ-6,14.8,42.39,13.33333333,PRJNA1303125 library_name=Ss_108,1,41203091,41203091,SRX30883405,SRR35834077,SRP608715,PRJNA1303125,SRS26885960,SAMN50497055,Ss_108,Saccharum spontaneum,DNBSEQ-T7,Whole genome resequencing of Saccharum spp.: young leaf
ss_109,sichuan88-18,18.14,48.02,12,PRJNA1303125 library_name=Ss_109,1,40211219,40211219,SRX30096578,SRR34977675,SRP608715,PRJNA1303125,SRS26161385,SAMN50497056,Ss_109,Saccharum spontaneum,DNBSEQ-T7,Whole genome resequencing of Saccharum spp.: young leaf
ss_110,sichuan88-34,19.27,48.51,15,PRJNA1303125 library_name=Ss_110,1,41203092,41203092,SRX30883406,SRR35834076,SRP608715,PRJNA1303125,SRS26885961,SAMN50497057,Ss_110,Saccharum spontaneum,DNBSEQ-T7,Whole genome resequencing of Saccharum spp.: young leaf
ss_111,sichuan88-48,17.78,40.17,9.333333333,PRJNA1303125 library_name=Ss_111,1,41136196,41136196,SRX30825590,SRR35776235,SRP608715,PRJNA1303125,SRS26835414,SAMN50497058,Ss_111,Saccharum spontaneum,DNBSEQ-T7,Whole genome resequencing of Saccharum spp.: young leaf
ss_112,sichuan92-17,15.67,39.27,7,PRJNA1303125 library_name=Ss_112,1,41136195,41136195,SRX30825589,SRR35776236,SRP608715,PRJNA1303125,SRS26835413,SAMN50497059,Ss_112,Saccharum spontaneum,DNBSEQ-T7,Whole genome resequencing of Saccharum spp.: young leaf
ss_113,sichuan92-28,16.77,44.08,23.66666667,PRJNA1303125 library_name=Ss_113,1,41203093,41203093,SRX30883407,SRR35834075,SRP608715,PRJNA1303125,SRS26885962,SAMN50497060,Ss_113,Saccharum spontaneum,DNBSEQ-T7,Whole genome resequencing of Saccharum spp.: young leaf
ss_114,sichuan92-31,15.19,50.62,8.333333333,PRJNA1303125 library_name=Ss_114,1,41136193,41136193,SRX30825587,SRR35776238,SRP608715,PRJNA1303125,SRS26835411,SAMN50497061,Ss_114,Saccharum spontaneum,DNBSEQ-T7,Whole genome resequencing of Saccharum spp.: young leaf
ss_115,sichuan92-46,15.61,59.03,11.33333333,PRJNA1303125 library_name=Ss_115,1,41002686,41002686,SRX30722301,SRR35670639,SRP608715,PRJNA1303125,SRS26739654,SAMN50497062,Ss_115,Saccharum spontaneum,DNBSEQ-T7,Whole genome resequencing of Saccharum spp.: young leaf
ss_116,sichuan92-5,15.96,53.36,7.666666667,PRJNA1303125 library_name=Ss_116,1,41002687,41002687,SRX30722302,SRR35670638,SRP608715,PRJNA1303125,SRS26739653,SAMN50497063,Ss_116,Saccharum spontaneum,DNBSEQ-T7,Whole genome resequencing of Saccharum spp.: young leaf
ss_117,sichuanfushun-5,17.44,45.9,13.66666667,PRJNA1303125 library_name=Ss_117,1,41002688,41002688,SRX30722303,SRR35670637,SRP608715,PRJNA1303125,SRS26739656,SAMN50497064,Ss_117,Saccharum spontaneum,DNBSEQ-T7,Whole genome resequencing of Saccharum spp.: young leaf
ss_118,sichuanjianyang-8,18.05,43.16,21.66666667,PRJNA1303125 library_name=Ss_118,1,41002689,41002689,SRX30722304,SRR35670636,SRP608715,PRJNA1303125,SRS26739657,SAMN50497065,Ss_118,Saccharum spontaneum,DNBSEQ-T7,Whole genome resequencing of Saccharum spp.: young leaf
ss_119,sichuanneijiang-36,18.49,42.73,9.333333333,PRJNA1303125 library_name=Ss_119,1,41002690,41002690,SRX30722305,SRR35670635,SRP608715,PRJNA1303125,SRS26739655,SAMN50497066,Ss_119,Saccharum spontaneum,DNBSEQ-T7,Whole genome resequencing of Saccharum spp.: young leaf
ss_120,sichuanneijiang-4,19.36,42.65,7.666666667,PRJNA1303125 library_name=Ss_120,1,41002691,41002691,SRX30722306,SRR35670634,SRP608715,PRJNA1303125,SRS26739658,SAMN50497067,Ss_120,Saccharum spontaneum,DNBSEQ-T7,Whole genome resequencing of Saccharum spp.: young leaf
ss_121,sichuanneijiangbadi,18.3,42.39,6.666666667,PRJNA1303125 library_name=Ss_121,1,41002693,41002693,SRX30722308,SRR35670632,SRP608715,PRJNA1303125,SRS26739660,SAMN50497068,Ss_121,Saccharum spontaneum,DNBSEQ-T7,Whole genome resequencing of Saccharum spp.: young leaf
ss_122,sichuanzizhong-3,16.31,46.62,7.333333333,PRJNA1303125 library_name=Ss_122,1,41002694,41002694,SRX30722309,SRR35670631,SRP608715,PRJNA1303125,SRS26739661,SAMN50497069,Ss_122,Saccharum spontaneum,DNBSEQ-T7,Whole genome resequencing of Saccharum spp.: young leaf
ss_123,sichuanzizhong-9,16.88,41.18,11,PRJNA1303125 library_name=Ss_123,1,41002695,41002695,SRX30722310,SRR35670630,SRP608715,PRJNA1303125,SRS26739662,SAMN50497070,Ss_123,Saccharum spontaneum,DNBSEQ-T7,Whole genome resequencing of Saccharum spp.: young leaf
ss_124,yunnan75-Ⅰ-10,15.44,28.27,12.33333333,PRJNA1303125 library_name=Ss_124,1,41002696,41002696,SRX30722311,SRR35670629,SRP608715,PRJNA1303125,SRS26739663,SAMN50497071,Ss_124,Saccharum spontaneum,DNBSEQ-T7,Whole genome resequencing of Saccharum spp.: young leaf
ss_125,yunnan75-Ⅱ-2,13.78,31.72,11,PRJNA1303125 library_name=Ss_125,1,41002697,41002697,SRX30722312,SRR35670628,SRP608715,PRJNA1303125,SRS26739664,SAMN50497072,Ss_125,Saccharum spontaneum,DNBSEQ-T7,Whole genome resequencing of Saccharum spp.: young leaf
ss_126,yunnan82-24,11.77,32.57,15.33333333,PRJNA1303125 library_name=Ss_126,1,41002698,41002698,SRX30722313,SRR35670627,SRP608715,PRJNA1303125,SRS26739665,SAMN50497073,Ss_126,Saccharum spontaneum,DNBSEQ-T7,Whole genome resequencing of Saccharum spp.: young leaf
ss_127,yunnan82-7,15.03,30.89,7.666666667,PRJNA1303125 library_name=Ss_127,1,41002699,41002699,SRX30722314,SRR35670626,SRP608715,PRJNA1303125,SRS26739666,SAMN50497074,Ss_127,Saccharum spontaneum,DNBSEQ-T7,Whole genome resequencing of Saccharum spp.: young leaf
ss_128,yunnan82-70,13.49,37.21,11,PRJNA1303125 library_name=Ss_128,1,40211197,40211197,SRX30096556,SRR34977697,SRP608715,PRJNA1303125,SRS26161363,SAMN50497075,Ss_128,Saccharum spontaneum,DNBSEQ-T7,Whole genome resequencing of Saccharum spp.: young leaf
ss_129,fujianhuian,14.57,22.12,8.666666667,PRJNA1303125 library_name=Ss_129,1,41002700,41002700,SRX30722315,SRR35670625,SRP608715,PRJNA1303125,SRS26739667,SAMN50497076,Ss_129,Saccharum spontaneum,DNBSEQ-T7,Whole genome resequencing of Saccharum spp.: young leaf
ss_130,sichuan79-Ⅰ-20,14.11,41.24,13.33333333,PRJNA1303125 library_name=Ss_130,1,40211245,40211245,SRX30096604,SRR34977649,SRP608715,PRJNA1303125,SRS26161411,SAMN50497077,Ss_130,Saccharum spontaneum,DNBSEQ-T7,Whole genome resequencing of Saccharum spp.: young leaf
ss_131,sichuan92-18,13.98,39.02,9.666666667,PRJNA1303125 library_name=Ss_131,1,41002701,41002701,SRX30722316,SRR35670624,SRP608715,PRJNA1303125,SRS26739668,SAMN50497078,Ss_131,Saccharum spontaneum,DNBSEQ-T7,Whole genome resequencing of Saccharum spp.: young leaf
ss_132,sichuan92-30,15.11,47.78,12,PRJNA1303125 library_name=Ss_132,1,41002702,41002702,SRX30722317,SRR35670623,SRP608715,PRJNA1303125,SRS26739669,SAMN50497079,Ss_132,Saccharum spontaneum,DNBSEQ-T7,Whole genome resequencing of Saccharum spp.: young leaf
ss_133,sichuan92-34,13.59,41.11,12.66666667,PRJNA1303125 library_name=Ss_133,1,40211256,40211256,SRX30096615,SRR34977638,SRP608715,PRJNA1303125,SRS26161422,SAMN50497080,Ss_133,Saccharum spontaneum,DNBSEQ-T7,Whole genome resequencing of Saccharum spp.: young leaf
ss_134,sichuanneijiang-1,17.67,41.68,11.33333333,PRJNA1303125 library_name=Ss_134,1,41002704,41002704,SRX30722319,SRR35670621,SRP608715,PRJNA1303125,SRS26739670,SAMN50497081,Ss_134,Saccharum spontaneum,DNBSEQ-T7,Whole genome resequencing of Saccharum spp.: young leaf
ss_135,sichuanneijiang-44,18.71,48.65,10.66666667,PRJNA1303125 library_name=Ss_135,1,40211221,40211221,SRX30096580,SRR34977673,SRP608715,PRJNA1303125,SRS26161387,SAMN50497082,Ss_135,Saccharum spontaneum,DNBSEQ-T7,Whole genome resequencing of Saccharum spp.: young leaf
ss_136,guangxige-1,15.93333333,31.7944205,8.333333333,PRJNA1303125 library_name=Ss_136,1,41203094,41203094,SRX30883408,SRR35834074,SRP608715,PRJNA1303125,SRS26885963,SAMN50497083,Ss_136,Saccharum spontaneum,DNBSEQ-T7,Whole genome resequencing of Saccharum spp.: young leaf
ss_137,fujian79-Ⅱ-18,13.97,32.87,19.33333333,PRJNA1303125 library_name=Ss_137,1,40211222,40211222,SRX30096581,SRR34977672,SRP608715,PRJNA1303125,SRS26161388,SAMN50497084,Ss_137,Saccharum spontaneum,DNBSEQ-T7,Whole genome resequencing of Saccharum spp.: young leaf
ss_138,guangdong-55,18.93,28.34,12.66666667,PRJNA1303125 library_name=Ss_138,1,41203095,41203095,SRX30883409,SRR35834073,SRP608715,PRJNA1303125,SRS26885965,SAMN50497085,Ss_138,Saccharum spontaneum,DNBSEQ-T7,Whole genome resequencing of Saccharum spp.: young leaf
ss_139,guangdong-71,17.29,41.82,13.33333333,PRJNA1303125 library_name=Ss_139,1,41203096,41203096,SRX30883410,SRR35834072,SRP608715,PRJNA1303125,SRS26885964,SAMN50497086,Ss_139,Saccharum spontaneum,DNBSEQ-T7,Whole genome resequencing of Saccharum spp.: young leaf
ss_140,guangdong-75,15.78,41.61,11.66666667,PRJNA1303125 library_name=Ss_140,1,41203097,41203097,SRX30883411,SRR35834071,SRP608715,PRJNA1303125,SRS26885966,SAMN50497087,Ss_140,Saccharum spontaneum,DNBSEQ-T7,Whole genome resequencing of Saccharum spp.: young leaf
ss_141,guizhou78-Ⅱ-04,15.23,52.22,7.333333333,PRJNA1303125 library_name=Ss_141,1,41260857,41260857,SRX30906177,SRR35856856,SRP608715,PRJNA1303125,SRS26905006,SAMN50497088,Ss_141,Saccharum spontaneum,DNBSEQ-T7,Whole genome resequencing of Saccharum spp.: young leaf
ss_142,hainan92-41,16.58,42.42,10,PRJNA1303125 library_name=Ss_142,1,41260868,41260868,SRX30906188,SRR35856845,SRP608715,PRJNA1303125,SRS26905017,SAMN50497089,Ss_142,Saccharum spontaneum,DNBSEQ-T7,Whole genome resequencing of Saccharum spp.: young leaf
ss_143,sichuan79-Ⅰ-6,12.81,38.31,10,PRJNA1303125 library_name=Ss_143,1,41136192,41136192,SRX30825586,SRR35776239,SRP608715,PRJNA1303125,SRS26835410,SAMN50497090,Ss_143,Saccharum spontaneum,DNBSEQ-T7,Whole genome resequencing of Saccharum spp.: young leaf
ss_144,sichuan92-49,18.32,54.12,10.66666667,PRJNA1303125 library_name=Ss_144,1,41260869,41260869,SRX30906189,SRR35856844,SRP608715,PRJNA1303125,SRS26905019,SAMN50497091,Ss_144,Saccharum spontaneum,DNBSEQ-T7,Whole genome resequencing of Saccharum spp.: young leaf
ss_145,yunnan75-Ⅰ-21,13.67,23.14,NA,PRJNA1303125 library_name=Ss_145,1,41260870,41260870,SRX30906190,SRR35856843,SRP608715,PRJNA1303125,SRS26905018,SAMN50497092,Ss_145,Saccharum spontaneum,DNBSEQ-T7,Whole genome resequencing of Saccharum spp.: young leaf
ss_146,yunnan75-Ⅰ-4,15.12,52.96,10.33333333,PRJNA1303125 library_name=Ss_146,1,41260871,41260871,SRX30906191,SRR35856842,SRP608715,PRJNA1303125,SRS26905020,SAMN50497093,Ss_146,Saccharum spontaneum,DNBSEQ-T7,Whole genome resequencing of Saccharum spp.: young leaf
ss_147,yunnan75-Ⅱ-27,16.66,40.43,13,PRJNA1303125 library_name=Ss_147,1,41260814,41260814,SRX30906134,SRR35856899,SRP608715,PRJNA1303125,SRS26904962,SAMN50497094,Ss_147,Saccharum spontaneum,DNBSEQ-T7,Whole genome resequencing of Saccharum spp.: young leaf
ss_148,yunnan82-134,13.99,47.06,9.666666667,PRJNA1303125 library_name=Ss_148,1,41260815,41260815,SRX30906135,SRR35856898,SRP608715,PRJNA1303125,SRS26904963,SAMN50497095,Ss_148,Saccharum spontaneum,DNBSEQ-T7,Whole genome resequencing of Saccharum spp.: young leaf
ss_149,yunnan82-77,11.68,21.76,13.33333333,PRJNA1303125 library_name=Ss_149,1,41260816,41260816,SRX30906136,SRR35856897,SRP608715,PRJNA1303125,SRS26904964,SAMN50497096,Ss_149,Saccharum spontaneum,DNBSEQ-T7,Whole genome resequencing of Saccharum spp.: young leaf
ss_150,yunnan82-79,12.06,37.33,9.666666667,PRJNA1303125 library_name=Ss_150,1,41260817,41260817,SRX30906137,SRR35856896,SRP608715,PRJNA1303125,SRS26904966,SAMN50497097,Ss_150,Saccharum spontaneum,DNBSEQ-T7,Whole genome resequencing of Saccharum spp.: young leaf
ss_151,yunnan83-167,16.2,40.62,10.66666667,PRJNA1303125 library_name=Ss_151,1,41136191,41136191,SRX30825585,SRR35776240,SRP608715,PRJNA1303125,SRS26835409,SAMN50497098,Ss_151,Saccharum spontaneum,DNBSEQ-T7,Whole genome resequencing of Saccharum spp.: young leaf
ss_152,yunnan83-169,16.69,41.26,11.33333333,PRJNA1303125 library_name=Ss_152,1,41260818,41260818,SRX30906138,SRR35856895,SRP608715,PRJNA1303125,SRS26904967,SAMN50497099,Ss_152,Saccharum spontaneum,DNBSEQ-T7,Whole genome resequencing of Saccharum spp.: young leaf
ss_153,yunnan83-171,16.39,45.15,7,PRJNA1303125 library_name=Ss_153,1,41260819,41260819,SRX30906139,SRR35856894,SRP608715,PRJNA1303125,SRS26904968,SAMN50497100,Ss_153,Saccharum spontaneum,DNBSEQ-T7,Whole genome resequencing of Saccharum spp.: young leaf
ss_154,yunnan83-185,18.77,45.09,8.333333333,PRJNA1303125 library_name=Ss_154,1,41260820,41260820,SRX30906140,SRR35856893,SRP608715,PRJNA1303125,SRS26904969,SAMN50497101,Ss_154,Saccharum spontaneum,DNBSEQ-T7,Whole genome resequencing of Saccharum spp.: young leaf
ss_155,yunnan-4,17.83,51.33,12.33333333,PRJNA1303125 library_name=Ss_155,1,41260821,41260821,SRX30906141,SRR35856892,SRP608715,PRJNA1303125,SRS26904971,SAMN50497102,Ss_155,Saccharum spontaneum,DNBSEQ-T7,Whole genome resequencing of Saccharum spp.: young leaf
ss_156,yunnanzhedianbaihuacao,15.61,30.62,13.66666667,PRJNA1303125 library_name=Ss_156,1,41002705,41002705,SRX30722320,SRR35670620,SRP608715,PRJNA1303125,SRS26739673,SAMN50497103,Ss_156,Saccharum spontaneum,DNBSEQ-T7,Whole genome resequencing of Saccharum spp.: young leaf
ss_157,fujian87-Ⅰ-10,11.93,29.21,NA,PRJNA1303125 library_name=Ss_157,1,41002706,41002706,SRX30722321,SRR35670619,SRP608715,PRJNA1303125,SRS26739672,SAMN50497104,Ss_157,Saccharum spontaneum,DNBSEQ-T7,Whole genome resequencing of Saccharum spp.: young leaf
ss_158,fujian87-Ⅰ-11,11.99,20.54,17.66666667,PRJNA1303125 library_name=Ss_158,1,41002707,41002707,SRX30722322,SRR35670618,SRP608715,PRJNA1303125,SRS26739674,SAMN50497105,Ss_158,Saccharum spontaneum,DNBSEQ-T7,Whole genome resequencing of Saccharum spp.: young leaf
ss_159,fujian89-Ⅰ-21,10.83,15.01,7.333333333,PRJNA1303125 library_name=Ss_159,1,41002708,41002708,SRX30722323,SRR35670617,SRP608715,PRJNA1303125,SRS26739675,SAMN50497106,Ss_159,Saccharum spontaneum,DNBSEQ-T7,Whole genome resequencing of Saccharum spp.: young leaf
ss_160,guangdong-46,17.31,59.38,7.333333333,PRJNA1303125 library_name=Ss_160,1,41002709,41002709,SRX30722324,SRR35670616,SRP608715,PRJNA1303125,SRS26739676,SAMN50497107,Ss_160,Saccharum spontaneum,DNBSEQ-T7,Whole genome resequencing of Saccharum spp.: young leaf
ss_161,sichuan79-Ⅰ-31,17.42,50.43,5.333333333,PRJNA1303125 library_name=Ss_161,1,41002710,41002710,SRX30722325,SRR35670615,SRP608715,PRJNA1303125,SRS26739678,SAMN50497108,Ss_161,Saccharum spontaneum,DNBSEQ-T7,Whole genome resequencing of Saccharum spp.: young leaf
ss_162,sichuan92-33,12.42,31.19,11.66666667,PRJNA1303125 library_name=Ss_162,1,41002711,41002711,SRX30722326,SRR35670614,SRP608715,PRJNA1303125,SRS26739677,SAMN50497109,Ss_162,Saccharum spontaneum,DNBSEQ-T7,Whole genome resequencing of Saccharum spp.: young leaf
ss_163,sichuan92-42,14.87,42.83,8,PRJNA1303125 library_name=Ss_163,1,41002712,41002712,SRX30722327,SRR35670613,SRP608715,PRJNA1303125,SRS26739679,SAMN50497110,Ss_163,Saccharum spontaneum,DNBSEQ-T7,Whole genome resequencing of Saccharum spp.: young leaf
ss_164,sichuan92-7,19.66,64,10.66666667,PRJNA1303125 library_name=Ss_164,1,41002713,41002713,SRX30722328,SRR35670612,SRP608715,PRJNA1303125,SRS26739680,SAMN50497111,Ss_164,Saccharum spontaneum,DNBSEQ-T7,Whole genome resequencing of Saccharum spp.: young leaf
ss_165,India-1,17.21,53.52,15,PRJNA1303125 library_name=Ss_165,1,41002715,41002715,SRX30722330,SRR35670610,SRP608715,PRJNA1303125,SRS26739681,SAMN50497112,Ss_165,Saccharum spontaneum,DNBSEQ-T7,Whole genome resequencing of Saccharum spp.: young leaf
ss_166,hainan92-23,15.84667,40.20265,6.666666667,PRJNA1303125 library_name=Ss_166,1,41002716,41002716,SRX30722331,SRR35670609,SRP608715,PRJNA1303125,SRS26739682,SAMN50497113,Ss_166,Saccharum spontaneum,DNBSEQ-T7,Whole genome resequencing of Saccharum spp.: young leaf
ss_167,hainan92-72,15.40667,35.20556,10,PRJNA1303125 library_name=Ss_167,1,41136190,41136190,SRX30825584,SRR35776241,SRP608715,PRJNA1303125,SRS26835408,SAMN50497114,Ss_167,Saccharum spontaneum,DNBSEQ-T7,Whole genome resequencing of Saccharum spp.: young leaf
ss_168,guangdong-21,17.65,58.58,13,PRJNA1303125 library_name=Ss_168,1,41260822,41260822,SRX30906142,SRR35856891,SRP608715,PRJNA1303125,SRS26904970,SAMN50497115,Ss_168,Saccharum spontaneum,DNBSEQ-T7,Whole genome resequencing of Saccharum spp.: young leaf
ss_169,guangdong-48,17.41,44.61,11.66666667,PRJNA1303125 library_name=Ss_169,1,41260823,41260823,SRX30906143,SRR35856890,SRP608715,PRJNA1303125,SRS26904972,SAMN50497116,Ss_169,Saccharum spontaneum,DNBSEQ-T7,Whole genome resequencing of Saccharum spp.: young leaf
ss_170,guangdong-78,17.23,54.85,8.666666667,PRJNA1303125 library_name=Ss_170,1,41260825,41260825,SRX30906145,SRR35856888,SRP608715,PRJNA1303125,SRS26904974,SAMN50497117,Ss_170,Saccharum spontaneum,DNBSEQ-T7,Whole genome resequencing of Saccharum spp.: young leaf
ss_171,hainan92-2,17.56,38.52,5.666666667,PRJNA1303125 library_name=Ss_171,1,41260826,41260826,SRX30906146,SRR35856887,SRP608715,PRJNA1303125,SRS26904975,SAMN50497118,Ss_171,Saccharum spontaneum,DNBSEQ-T7,Whole genome resequencing of Saccharum spp.: young leaf
ss_172,hainanhaikou,11.69,24.94,15.66666667,PRJNA1303125 library_name=Ss_172,1,41136189,41136189,SRX30825583,SRR35776242,SRP608715,PRJNA1303125,SRS26835407,SAMN50497119,Ss_172,Saccharum spontaneum,DNBSEQ-T7,Whole genome resequencing of Saccharum spp.: young leaf
ss_173,yunnan82-120,11.75,29.46,7,PRJNA1303125 library_name=Ss_173,1,41260827,41260827,SRX30906147,SRR35856886,SRP608715,PRJNA1303125,SRS26904976,SAMN50497120,Ss_173,Saccharum spontaneum,DNBSEQ-T7,Whole genome resequencing of Saccharum spp.: young leaf
ss_174,yunnan82-83,10.7,32.03,9.666666667,PRJNA1303125 library_name=Ss_174,1,41260828,41260828,SRX30906148,SRR35856885,SRP608715,PRJNA1303125,SRS26904977,SAMN50497121,Ss_174,Saccharum spontaneum,DNBSEQ-T7,Whole genome resequencing of Saccharum spp.: young leaf
ss_175,yunnan83-160,14.47,32.02,7,PRJNA1303125 library_name=Ss_175,1,41260829,41260829,SRX30906149,SRR35856884,SRP608715,PRJNA1303125,SRS26904978,SAMN50497122,Ss_175,Saccharum spontaneum,DNBSEQ-T7,Whole genome resequencing of Saccharum spp.: young leaf
ss_176,yunnan83-181,21.07,56.17,8.666666667,PRJNA1303125 library_name=Ss_176,1,41260830,41260830,SRX30906150,SRR35856883,SRP608715,PRJNA1303125,SRS26904979,SAMN50497123,Ss_176,Saccharum spontaneum,DNBSEQ-T7,Whole genome resequencing of Saccharum spp.: young leaf
ss_177,yunnan84-249,14.12,41.2,8.666666667,PRJNA1303125 library_name=Ss_177,1,41260831,41260831,SRX30906151,SRR35856882,SRP608715,PRJNA1303125,SRS26904980,SAMN50497124,Ss_177,Saccharum spontaneum,DNBSEQ-T7,Whole genome resequencing of Saccharum spp.: young leaf
ss_178,guangdong-40,15.37,40.41,8,PRJNA1303125 library_name=Ss_178,1,41260832,41260832,SRX30906152,SRR35856881,SRP608715,PRJNA1303125,SRS26904981,SAMN50497125,Ss_178,Saccharum spontaneum,DNBSEQ-T7,Whole genome resequencing of Saccharum spp.: young leaf
ss_179,guangdong-53,17.71,46.26,18.33333333,PRJNA1303125 library_name=Ss_179,1,41260833,41260833,SRX30906153,SRR35856880,SRP608715,PRJNA1303125,SRS26904982,SAMN50497126,Ss_179,Saccharum spontaneum,DNBSEQ-T7,Whole genome resequencing of Saccharum spp.: young leaf
ss_180,hainan92-46,13.69,34.49,10,PRJNA1303125 library_name=Ss_180,1,41260834,41260834,SRX30906154,SRR35856879,SRP608715,PRJNA1303125,SRS26904983,SAMN50497127,Ss_180,Saccharum spontaneum,DNBSEQ-T7,Whole genome resequencing of Saccharum spp.: young leaf
ss_181,sichuan79-Ⅰ-8,15.71,23.38,11.66666667,PRJNA1303125 library_name=Ss_181,1,41260836,41260836,SRX30906156,SRR35856877,SRP608715,PRJNA1303125,SRS26904985,SAMN50497128,Ss_181,Saccharum spontaneum,DNBSEQ-T7,Whole genome resequencing of Saccharum spp.: young leaf
ss_182,sichuan79-Ⅱ-11,13.1,24.19,14.66666667,PRJNA1303125 library_name=Ss_182,1,41260837,41260837,SRX30906157,SRR35856876,SRP608715,PRJNA1303125,SRS26904986,SAMN50497129,Ss_182,Saccharum spontaneum,DNBSEQ-T7,Whole genome resequencing of Saccharum spp.: young leaf
ss_183,yunnan75-Ⅱ-12,15.37,42.79,6.666666667,PRJNA1303125 library_name=Ss_183,1,41260838,41260838,SRX30906158,SRR35856875,SRP608715,PRJNA1303125,SRS26904988,SAMN50497130,Ss_183,Saccharum spontaneum,DNBSEQ-T7,Whole genome resequencing of Saccharum spp.: young leaf
ss_184,yunnan75-Ⅱ-7,14.93,45.76,7.333333333,PRJNA1303125 library_name=Ss_184,1,41260839,41260839,SRX30906159,SRR35856874,SRP608715,PRJNA1303125,SRS26904987,SAMN50497131,Ss_184,Saccharum spontaneum,DNBSEQ-T7,Whole genome resequencing of Saccharum spp.: young leaf
ss_185,yunnan76-Ⅲ-39,14.93,33.4,5.333333333,PRJNA1303125 library_name=Ss_185,1,41260840,41260840,SRX30906160,SRR35856873,SRP608715,PRJNA1303125,SRS26904989,SAMN50497132,Ss_185,Saccharum spontaneum,DNBSEQ-T7,Whole genome resequencing of Saccharum spp.: young leaf
ss_186,yunnan82-86,11.08,22.76,9.666666667,PRJNA1303125 library_name=Ss_186,1,41136188,41136188,SRX30825582,SRR35776243,SRP608715,PRJNA1303125,SRS26835406,SAMN50497133,Ss_186,Saccharum spontaneum,DNBSEQ-T7,Whole genome resequencing of Saccharum spp.: young leaf
ss_187,yunnan83-184,17.57,40.52,7.333333333,PRJNA1303125 library_name=Ss_187,1,41136187,41136187,SRX30825581,SRR35776244,SRP608715,PRJNA1303125,SRS26835405,SAMN50497134,Ss_187,Saccharum spontaneum,DNBSEQ-T7,Whole genome resequencing of Saccharum spp.: young leaf
ss_188,hainan92-18,18.96,51.01899,10.33333333,PRJNA1303125 library_name=Ss_188,1,41260841,41260841,SRX30906161,SRR35856872,SRP608715,PRJNA1303125,SRS26904990,SAMN50497135,Ss_188,Saccharum spontaneum,DNBSEQ-T7,Whole genome resequencing of Saccharum spp.: young leaf
ss_189,hainan92-61,16.64667,43.72079,8.333333333,PRJNA1303125 library_name=Ss_189,1,41260842,41260842,SRX30906162,SRR35856871,SRP608715,PRJNA1303125,SRS26904991,SAMN50497136,Ss_189,Saccharum spontaneum,DNBSEQ-T7,Whole genome resequencing of Saccharum spp.: young leaf
ss_190,hainan92-16,14.96667,43.87304,14.33333333,PRJNA1303125 library_name=Ss_190,1,41260843,41260843,SRX30906163,SRR35856870,SRP608715,PRJNA1303125,SRS26904992,SAMN50497137,Ss_190,Saccharum spontaneum,DNBSEQ-T7,Whole genome resequencing of Saccharum spp.: young leaf
ss_191,fujianxianyou-1,16.17,25.4,10.66666667,PRJNA1303125 library_name=Ss_191,1,40211224,40211224,SRX30096583,SRR34977670,SRP608715,PRJNA1303125,SRS26161390,SAMN50497138,Ss_191,Saccharum spontaneum,DNBSEQ-T7,Whole genome resequencing of Saccharum spp.: young leaf
ss_192,guangdong-23,16.53,34.29,10.66666667,PRJNA1303125 library_name=Ss_192,1,41136186,41136186,SRX30825580,SRR35776245,SRP608715,PRJNA1303125,SRS26835404,SAMN50497139,Ss_192,Saccharum spontaneum,DNBSEQ-T7,Whole genome resequencing of Saccharum spp.: young leaf
ss_193,guangdong-47,16.71,36.52,11.33333333,PRJNA1303125 library_name=Ss_193,1,40211225,40211225,SRX30096584,SRR34977669,SRP608715,PRJNA1303125,SRS26161391,SAMN50497140,Ss_193,Saccharum spontaneum,DNBSEQ-T7,Whole genome resequencing of Saccharum spp.: young leaf
ss_194,sichuan79-Ⅰ-17,17.15,47.84,9.666666667,PRJNA1303125 library_name=Ss_194,1,41260844,41260844,SRX30906164,SRR35856869,SRP608715,PRJNA1303125,SRS26904993,SAMN50497141,Ss_194,Saccharum spontaneum,DNBSEQ-T7,Whole genome resequencing of Saccharum spp.: young leaf
ss_195,yunnan76-Ⅱ-25,16.25,38.78,9,PRJNA1303125 library_name=Ss_195,1,40211223,40211223,SRX30096582,SRR34977671,SRP608715,PRJNA1303125,SRS26161389,SAMN50497142,Ss_195,Saccharum spontaneum,DNBSEQ-T7,Whole genome resequencing of Saccharum spp.: young leaf
ss_196,yunnan75-Ⅱ-21,14.74,31.53,5.666666667,PRJNA1303125 library_name=Ss_196,1,41260845,41260845,SRX30906165,SRR35856868,SRP608715,PRJNA1303125,SRS26904994,SAMN50497143,Ss_196,Saccharum spontaneum,DNBSEQ-T7,Whole genome resequencing of Saccharum spp.: young leaf
ss_197,yunnan75-Ⅱ-23,16.93,39.44,6,PRJNA1303125 library_name=Ss_197,1,41260847,41260847,SRX30906167,SRR35856866,SRP608715,PRJNA1303125,SRS26904996,SAMN50497144,Ss_197,Saccharum spontaneum,DNBSEQ-T7,Whole genome resequencing of Saccharum spp.: young leaf
ss_198,yunnan76-Ⅲ-17,15.91,47.23,10.66666667,PRJNA1303125 library_name=Ss_198,1,40211226,40211226,SRX30096585,SRR34977668,SRP608715,PRJNA1303125,SRS26161392,SAMN50497145,Ss_198,Saccharum spontaneum,DNBSEQ-T7,Whole genome resequencing of Saccharum spp.: young leaf
ss_199,yunnan82-141,12.89,40,11.66666667,PRJNA1303125 library_name=Ss_199,1,41136185,41136185,SRX30825579,SRR35776246,SRP608715,PRJNA1303125,SRS26835403,SAMN50497146,Ss_199,Saccharum spontaneum,DNBSEQ-T7,Whole genome resequencing of Saccharum spp.: young leaf
ss_200,yunnan83-210,16.41,46.72,7,PRJNA1303125 library_name=Ss_200,1,41260848,41260848,SRX30906168,SRR35856865,SRP608715,PRJNA1303125,SRS26904997,SAMN50497147,Ss_200,Saccharum spontaneum,DNBSEQ-T7,Whole genome resequencing of Saccharum spp.: young leaf
ss_201,yunnan87-27,13.19,39.06,9,PRJNA1303125 library_name=Ss_201,1,40211227,40211227,SRX30096586,SRR34977667,SRP608715,PRJNA1303125,SRS26161393,SAMN50497148,Ss_201,Saccharum spontaneum,DNBSEQ-T7,Whole genome resequencing of Saccharum spp.: young leaf
ss_202,yunnan87-30,12.27,40.28,9.666666667,PRJNA1303125 library_name=Ss_202,1,41260849,41260849,SRX30906169,SRR35856864,SRP608715,PRJNA1303125,SRS26904998,SAMN50497149,Ss_202,Saccharum spontaneum,DNBSEQ-T7,Whole genome resequencing of Saccharum spp.: young leaf
ss_203,yunnan-7,17.22,4.83,12,PRJNA1303125 library_name=Ss_203,1,41260850,41260850,SRX30906170,SRR35856863,SRP608715,PRJNA1303125,SRS26904999,SAMN50497150,Ss_203,Saccharum spontaneum,DNBSEQ-T7,Whole genome resequencing of Saccharum spp.: young leaf
ss_204,guangdong-33,17.25,45.77,12.33333333,PRJNA1303125 library_name=Ss_204,1,41260851,41260851,SRX30906171,SRR35856862,SRP608715,PRJNA1303125,SRS26905000,SAMN50497151,Ss_204,Saccharum spontaneum,DNBSEQ-T7,Whole genome resequencing of Saccharum spp.: young leaf
ss_205,guizhou78-Ⅰ-31,14.46,40.71,9,PRJNA1303125 library_name=Ss_205,1,41260852,41260852,SRX30906172,SRR35856861,SRP608715,PRJNA1303125,SRS26905002,SAMN50497152,Ss_205,Saccharum spontaneum,DNBSEQ-T7,Whole genome resequencing of Saccharum spp.: young leaf
ss_206,hainan92-3,19.73,43.71,9,PRJNA1303125 library_name=Ss_206,1,41260853,41260853,SRX30906173,SRR35856860,SRP608715,PRJNA1303125,SRS26905001,SAMN50497153,Ss_206,Saccharum spontaneum,DNBSEQ-T7,Whole genome resequencing of Saccharum spp.: young leaf
ss_207,hainan92-7,15.5,26.73,6,PRJNA1303125 library_name=Ss_207,1,41260854,41260854,SRX30906174,SRR35856859,SRP608715,PRJNA1303125,SRS26905003,SAMN50497154,Ss_207,Saccharum spontaneum,DNBSEQ-T7,Whole genome resequencing of Saccharum spp.: young leaf
ss_208,sichuan79-Ⅱ-9,16.01,44.17,10,PRJNA1303125 library_name=Ss_208,1,41260855,41260855,SRX30906175,SRR35856858,SRP608715,PRJNA1303125,SRS26905004,SAMN50497155,Ss_208,Saccharum spontaneum,DNBSEQ-T7,Whole genome resequencing of Saccharum spp.: young leaf
ss_209,yunnan75-Ⅰ-8,14.28,35.38,11.66666667,PRJNA1303125 library_name=Ss_209,1,41260856,41260856,SRX30906176,SRR35856857,SRP608715,PRJNA1303125,SRS26905005,SAMN50497156,Ss_209,Saccharum spontaneum,DNBSEQ-T7,Whole genome resequencing of Saccharum spp.: young leaf
ss_210,yunnan75-Ⅱ-26,19.05,45.44,7.666666667,PRJNA1303125 library_name=Ss_210,1,41260858,41260858,SRX30906178,SRR35856855,SRP608715,PRJNA1303125,SRS26905007,SAMN50497157,Ss_210,Saccharum spontaneum,DNBSEQ-T7,Whole genome resequencing of Saccharum spp.: young leaf
ss_211,yunnan76-Ⅰ-003,15.21,55.98,14.66666667,PRJNA1303125 library_name=Ss_211,1,41260859,41260859,SRX30906179,SRR35856854,SRP608715,PRJNA1303125,SRS26905008,SAMN50497158,Ss_211,Saccharum spontaneum,DNBSEQ-T7,Whole genome resequencing of Saccharum spp.: young leaf
ss_212,yunnan82-116,13.08,38.42,10,PRJNA1303125 library_name=Ss_212,1,41260860,41260860,SRX30906180,SRR35856853,SRP608715,PRJNA1303125,SRS26905010,SAMN50497159,Ss_212,Saccharum spontaneum,DNBSEQ-T7,Whole genome resequencing of Saccharum spp.: young leaf
ss_213,yunnan82-67,11.6,33.73,9,PRJNA1303125 library_name=Ss_213,1,41260861,41260861,SRX30906181,SRR35856852,SRP608715,PRJNA1303125,SRS26905009,SAMN50497160,Ss_213,Saccharum spontaneum,DNBSEQ-T7,Whole genome resequencing of Saccharum spp.: young leaf
ss_214,hainan92-56,12.66667,39.39018,11.66666667,PRJNA1303125 library_name=Ss_214,1,41260862,41260862,SRX30906182,SRR35856851,SRP608715,PRJNA1303125,SRS26905011,SAMN50497161,Ss_214,Saccharum spontaneum,DNBSEQ-T7,Whole genome resequencing of Saccharum spp.: young leaf
ss_215,hainan92-24,15.47333,27.44036,8.333333333,PRJNA1303125 library_name=Ss_215,1,41260863,41260863,SRX30906183,SRR35856850,SRP608715,PRJNA1303125,SRS26905012,SAMN50497162,Ss_215,Saccharum spontaneum,DNBSEQ-T7,Whole genome resequencing of Saccharum spp.: young leaf
ss_216,fujian79-Ⅱ-9,15.69,40.13,7,PRJNA1303125 library_name=Ss_216,1,41260864,41260864,SRX30906184,SRR35856849,SRP608715,PRJNA1303125,SRS26905014,SAMN50497163,Ss_216,Saccharum spontaneum,DNBSEQ-T7,Whole genome resequencing of Saccharum spp.: young leaf
ss_217,hainan-3,14.29,40.69,10.33333333,PRJNA1303125 library_name=Ss_217,1,41136184,41136184,SRX30825578,SRR35776247,SRP608715,PRJNA1303125,SRS26835402,SAMN50497164,Ss_217,Saccharum spontaneum,DNBSEQ-T7,Whole genome resequencing of Saccharum spp.: young leaf
ss_218,hainan92-52,14.56,31.95,6.666666667,PRJNA1303125 library_name=Ss_218,1,41260865,41260865,SRX30906185,SRR35856848,SRP608715,PRJNA1303125,SRS26905013,SAMN50497165,Ss_218,Saccharum spontaneum,DNBSEQ-T7,Whole genome resequencing of Saccharum spp.: young leaf
ss_219,yunnan82-111,11,18.85,8,PRJNA1303125 library_name=Ss_219,1,41260866,41260866,SRX30906186,SRR35856847,SRP608715,PRJNA1303125,SRS26905015,SAMN50497166,Ss_219,Saccharum spontaneum,DNBSEQ-T7,Whole genome resequencing of Saccharum spp.: young leaf
ss_220,yunnan87-29,15.39,44.15,9.666666667,PRJNA1303125 library_name=Ss_220,1,41260867,41260867,SRX30906187,SRR35856846,SRP608715,PRJNA1303125,SRS26905016,SAMN50497167,Ss_220,Saccharum spontaneum,DNBSEQ-T7,Whole genome resequencing of Saccharum spp.: young leaf
ss_221,yunnan-1,18.15,53.57,10.66666667,PRJNA1303125 library_name=Ss_221,1,40211228,40211228,SRX30096587,SRR34977666,SRP608715,PRJNA1303125,SRS26161394,SAMN50497168,Ss_221,Saccharum spontaneum,DNBSEQ-T7,Whole genome resequencing of Saccharum spp.: young leaf
ss_222,fujianxianyou-2,15.44,22.87,8.666666667,PRJNA1303125 library_name=Ss_222,1,40443076,40443076,SRX30301082,SRR35197298,SRP608715,PRJNA1303125,SRS26349356,SAMN50497169,Ss_222,Saccharum spontaneum,DNBSEQ-T7,Whole genome resequencing of Saccharum spp.: young leaf
ss_223,guangdong-41,16.98,49.97,7.333333333,PRJNA1303125 library_name=Ss_223,1,40211229,40211229,SRX30096588,SRR34977665,SRP608715,PRJNA1303125,SRS26161395,SAMN50497170,Ss_223,Saccharum spontaneum,DNBSEQ-T7,Whole genome resequencing of Saccharum spp.: young leaf
ss_224,guizhou-26,13.9,30.71,8,PRJNA1303125 library_name=Ss_224,1,40443077,40443077,SRX30301083,SRR35197297,SRP608715,PRJNA1303125,SRS26349357,SAMN50497171,Ss_224,Saccharum spontaneum,DNBSEQ-T7,Whole genome resequencing of Saccharum spp.: young leaf
ss_225,yunnan-8,12.81,36.17,25.33333333,PRJNA1303125 library_name=Ss_225,1,40443078,40443078,SRX30301084,SRR35197296,SRP608715,PRJNA1303125,SRS26349358,SAMN50497172,Ss_225,Saccharum spontaneum,DNBSEQ-T7,Whole genome resequencing of Saccharum spp.: young leaf
ss_226,yunnan-2,16.03,48.98,9,PRJNA1303125 library_name=Ss_226,1,40211230,40211230,SRX30096589,SRR34977664,SRP608715,PRJNA1303125,SRS26161396,SAMN50497173,Ss_226,Saccharum spontaneum,DNBSEQ-T7,Whole genome resequencing of Saccharum spp.: young leaf
ss_227,guizhou78-Ⅰ-11,13.64,25.56,9.333333333,PRJNA1303125 library_name=Ss_227,1,40443079,40443079,SRX30301085,SRR35197295,SRP608715,PRJNA1303125,SRS26349359,SAMN50497174,Ss_227,Saccharum spontaneum,DNBSEQ-T7,Whole genome resequencing of Saccharum spp.: young leaf
ss_228,yunnan82-112,13.81,35.77,7.666666667,PRJNA1303125 library_name=Ss_228,1,40211269,40211269,SRX30096628,SRR34977624,SRP608715,PRJNA1303125,SRS26161435,SAMN50497175,Ss_228,Saccharum spontaneum,DNBSEQ-T7,Whole genome resequencing of Saccharum spp.: young leaf
ss_229,hainan92-5,15.95,36.82,15.33333333,PRJNA1303125 library_name=Ss_229,1,40443080,40443080,SRX30301086,SRR35197294,SRP608715,PRJNA1303125,SRS26349360,SAMN50497176,Ss_229,Saccharum spontaneum,DNBSEQ-T7,Whole genome resequencing of Saccharum spp.: young leaf
ss_230,yunnan75-Ⅱ-34,17.83,52.19,7.666666667,PRJNA1303125 library_name=Ss_230,1,40211270,40211270,SRX30096629,SRR34977623,SRP608715,PRJNA1303125,SRS26161436,SAMN50497177,Ss_230,Saccharum spontaneum,DNBSEQ-T7,Whole genome resequencing of Saccharum spp.: young leaf
ss_231,guangxige-4,15.06,45.48663347,NA,PRJNA1303125 library_name=Ss_231,1,40443081,40443081,SRX30301087,SRR35197293,SRP608715,PRJNA1303125,SRS26349361,SAMN50497178,Ss_231,Saccharum spontaneum,DNBSEQ-T7,Whole genome resequencing of Saccharum spp.: young leaf
ss_232,fujian87-Ⅰ-4,15.08,23.3,16.66666667,PRJNA1303125 library_name=Ss_232,1,40211271,40211271,SRX30096630,SRR34977622,SRP608715,PRJNA1303125,SRS26161437,SAMN50497179,Ss_232,Saccharum spontaneum,DNBSEQ-T7,Whole genome resequencing of Saccharum spp.: young leaf
ss_233,guangdong-31,15.13,15.74,13.66666667,PRJNA1303125 library_name=Ss_233,1,40443082,40443082,SRX30301088,SRR35197292,SRP608715,PRJNA1303125,SRS26349362,SAMN50497180,Ss_233,Saccharum spontaneum,DNBSEQ-T7,Whole genome resequencing of Saccharum spp.: young leaf
ss_234,guangxi87-17,18.02666667,46.85838018,9.666666667,PRJNA1303125 library_name=Ss_234,1,40211272,40211272,SRX30096631,SRR34977621,SRP608715,PRJNA1303125,SRS26161438,SAMN50497181,Ss_234,Saccharum spontaneum,DNBSEQ-T7,Whole genome resequencing of Saccharum spp.: young leaf
ss_235,hainan92-60,12.9,40.74509,8,PRJNA1303125 library_name=Ss_235,1,40443083,40443083,SRX30301089,SRR35197291,SRP608715,PRJNA1303125,SRS26349363,SAMN50497182,Ss_235,Saccharum spontaneum,DNBSEQ-T7,Whole genome resequencing of Saccharum spp.: young leaf
ss_236,guangxi92-6,17.34,37.20239331,12.66666667,PRJNA1303125 library_name=Ss_236,1,40443084,40443084,SRX30301090,SRR35197290,SRP608715,PRJNA1303125,SRS26349364,SAMN50497183,Ss_236,Saccharum spontaneum,DNBSEQ-T7,Whole genome resequencing of Saccharum spp.: young leaf
ss_237,hainan92-8,18.4,46.62218,9.666666667,PRJNA1303125 library_name=Ss_237,1,40346566,40346566,SRX30222580,SRR35113738,SRP608715,PRJNA1303125,SRS26277311,SAMN50497184,Ss_237,Saccharum spontaneum,DNBSEQ-T7,Whole genome resequencing of Saccharum spp.: young leaf
ss_238,guangxi87-13,16.46,33.66798906,9,PRJNA1303125 library_name=Ss_238,1,40443085,40443085,SRX30301091,SRR35197289,SRP608715,PRJNA1303125,SRS26349365,SAMN50497185,Ss_238,Saccharum spontaneum,DNBSEQ-T7,Whole genome resequencing of Saccharum spp.: young leaf
ss_239,guangxi86-8,11.75333333,23.92324731,9.666666667,PRJNA1303125 library_name=Ss_239,1,40443087,40443087,SRX30301093,SRR35197287,SRP608715,PRJNA1303125,SRS26349367,SAMN50497186,Ss_239,Saccharum spontaneum,DNBSEQ-T7,Whole genome resequencing of Saccharum spp.: young leaf
ss_241,yunnan75-Ⅱ-4,17.09,54.73,12.33333333,PRJNA1303125 library_name=Ss_241,1,40346567,40346567,SRX30222581,SRR35113737,SRP608715,PRJNA1303125,SRS26277312,SAMN50497187,Ss_241,Saccharum spontaneum,DNBSEQ-T7,Whole genome resequencing of Saccharum spp.: young leaf
ss_242,yunnan82-14,12.68,43.44,13,PRJNA1303125 library_name=Ss_242,1,40443088,40443088,SRX30301094,SRR35197286,SRP608715,PRJNA1303125,SRS26349368,SAMN50497188,Ss_242,Saccharum spontaneum,DNBSEQ-T7,Whole genome resequencing of Saccharum spp.: young leaf
ss_243,yunnan82-149,13.82,21.08,8,PRJNA1303125 library_name=Ss_243,1,40346568,40346568,SRX30222582,SRR35113736,SRP608715,PRJNA1303125,SRS26277313,SAMN50497189,Ss_243,Saccharum spontaneum,DNBSEQ-T7,Whole genome resequencing of Saccharum spp.: young leaf
ss_244,guangxitianlin,19.85333333,56.26194762,16.66666667,PRJNA1303125 library_name=Ss_244,1,40443089,40443089,SRX30301095,SRR35197285,SRP608715,PRJNA1303125,SRS26349369,SAMN50497190,Ss_244,Saccharum spontaneum,DNBSEQ-T7,Whole genome resequencing of Saccharum spp.: young leaf
ss_245,guangxi87-14,16.61333333,42.45064406,9.333333333,PRJNA1303125 library_name=Ss_245,1,40346569,40346569,SRX30222583,SRR35113735,SRP608715,PRJNA1303125,SRS26277314,SAMN50497191,Ss_245,Saccharum spontaneum,DNBSEQ-T7,Whole genome resequencing of Saccharum spp.: young leaf
ss_246,guangxi92-16,12.46,18.91841894,11,PRJNA1303125 library_name=Ss_246,1,40443090,40443090,SRX30301096,SRR35197284,SRP608715,PRJNA1303125,SRS26349370,SAMN50497192,Ss_246,Saccharum spontaneum,DNBSEQ-T7,Whole genome resequencing of Saccharum spp.: young leaf
ss_247,hainan92-34,18.7,52.28883,8.333333333,PRJNA1303125 library_name=Ss_247,1,40346570,40346570,SRX30222584,SRR35113734,SRP608715,PRJNA1303125,SRS26277315,SAMN50497193,Ss_247,Saccharum spontaneum,DNBSEQ-T7,Whole genome resequencing of Saccharum spp.: young leaf
ss_248,guangxi87-23,15.36,42.3085612,7,PRJNA1303125 library_name=Ss_248,1,40443091,40443091,SRX30301097,SRR35197283,SRP608715,PRJNA1303125,SRS26349371,SAMN50497194,Ss_248,Saccharum spontaneum,DNBSEQ-T7,Whole genome resequencing of Saccharum spp.: young leaf
ss_249,guangxi87-1,16.07333333,35.90361676,4.333333333,PRJNA1303125 library_name=Ss_249,1,40443092,40443092,SRX30301098,SRR35197282,SRP608715,PRJNA1303125,SRS26349372,SAMN50497195,Ss_249,Saccharum spontaneum,DNBSEQ-T7,Whole genome resequencing of Saccharum spp.: young leaf
ss_250,hainan92-63,15.53333,33.16693,8.666666667,PRJNA1303125 library_name=Ss_250,1,40443093,40443093,SRX30301099,SRR35197281,SRP608715,PRJNA1303125,SRS26349373,SAMN50497196,Ss_250,Saccharum spontaneum,DNBSEQ-T7,Whole genome resequencing of Saccharum spp.: young leaf
ss_251,fujian89-Ⅰ-17,14.41,35.22,10.66666667,PRJNA1303125 library_name=Ss_251,1,40443094,40443094,SRX30301100,SRR35197280,SRP608715,PRJNA1303125,SRS26349374,SAMN50497197,Ss_251,Saccharum spontaneum,DNBSEQ-T7,Whole genome resequencing of Saccharum spp.: young leaf
ss_252,fujianputian,11.92,25.26,11.66666667,PRJNA1303125 library_name=Ss_252,1,40346571,40346571,SRX30222585,SRR35113733,SRP608715,PRJNA1303125,SRS26277316,SAMN50497198,Ss_252,Saccharum spontaneum,DNBSEQ-T7,Whole genome resequencing of Saccharum spp.: young leaf
ss_253,guangdong-29,12.8,11.05,NA,guangdong-29,2,7429485;7429475,7429485,,,,,,,,,,
ss_254,guangdong-36,16.76,49.38,NA,PRJNA1303125 library_name=Ss_254,1,40346572,40346572,SRX30222586,SRR35113732,SRP608715,PRJNA1303125,SRS26277317,SAMN50497199,Ss_254,Saccharum spontaneum,DNBSEQ-T7,Whole genome resequencing of Saccharum spp.: young leaf
ss_257,guangdonghuanzhou,16.44,28.37,11.66666667,PRJNA1303125 library_name=Ss_257,1,40443096,40443096,SRX30301102,SRR35197278,SRP608715,PRJNA1303125,SRS26349376,SAMN50497201,Ss_257,Saccharum spontaneum,DNBSEQ-T7,Whole genome resequencing of Saccharum spp.: young leaf
ss_258,guizhou78-Ⅱ-08,16.35,57.25,7.666666667,PRJNA1303125 library_name=Ss_258,1,40346573,40346573,SRX30222587,SRR35113731,SRP608715,PRJNA1303125,SRS26277318,SAMN50497202,Ss_258,Saccharum spontaneum,DNBSEQ-T7,Whole genome resequencing of Saccharum spp.: young leaf
ss_259,hainan92-31,16.23,42.59,6,PRJNA1303125 library_name=Ss_259,1,40346575,40346575,SRX30222589,SRR35113729,SRP608715,PRJNA1303125,SRS26277320,SAMN50497203,Ss_259,Saccharum spontaneum,DNBSEQ-T7,Whole genome resequencing of Saccharum spp.: young leaf
ss_260,guangxi87-25,14.40666667,51.61600648,12.33333333,PRJNA1303125 library_name=Ss_260,1,40346576,40346576,SRX30222590,SRR35113728,SRP608715,PRJNA1303125,SRS26277321,SAMN50497204,Ss_260,Saccharum spontaneum,DNBSEQ-T7,Whole genome resequencing of Saccharum spp.: young leaf
ss_261,fujian87-Ⅰ-14,12.21,20.97,12.33333333,PRJNA1303125 library_name=Ss_261,1,40443098,40443098,SRX30301104,SRR35197276,SRP608715,PRJNA1303125,SRS26349378,SAMN50497205,Ss_261,Saccharum spontaneum,DNBSEQ-T7,Whole genome resequencing of Saccharum spp.: young leaf
ss_262,hainanyanglan-9,14.86,26.63,7,PRJNA1303125 library_name=Ss_262,1,40346577,40346577,SRX30222591,SRR35113727,SRP608715,PRJNA1303125,SRS26277322,SAMN50497206,Ss_262,Saccharum spontaneum,DNBSEQ-T7,Whole genome resequencing of Saccharum spp.: young leaf
ss_263,yunnanmanhao-1,17.05,49.17,8,PRJNA1303125 library_name=Ss_263,1,40443099,40443099,SRX30301105,SRR35197275,SRP608715,PRJNA1303125,SRS26349379,SAMN50497207,Ss_263,Saccharum spontaneum,DNBSEQ-T7,Whole genome resequencing of Saccharum spp.: young leaf
ss_264,hainanyacheng-1,14.77,36.47,9,PRJNA1303125 library_name=Ss_264,1,40346578,40346578,SRX30222592,SRR35113726,SRP608715,PRJNA1303125,SRS26277323,SAMN50497208,Ss_264,Saccharum spontaneum,DNBSEQ-T7,Whole genome resequencing of Saccharum spp.: young leaf
ss_265,guangdong-28,15.17,30.76,10.33333333,PRJNA1303125 library_name=Ss_265,1,40443100,40443100,SRX30301106,SRR35197274,SRP608715,PRJNA1303125,SRS26349380,SAMN50497209,Ss_265,Saccharum spontaneum,DNBSEQ-T7,Whole genome resequencing of Saccharum spp.: young leaf
ss_266,guangdong-44,18.12,49.7,8.333333333,PRJNA1303125 library_name=Ss_266,1,40346579,40346579,SRX30222593,SRR35113725,SRP608715,PRJNA1303125,SRS26277324,SAMN50497210,Ss_266,Saccharum spontaneum,DNBSEQ-T7,Whole genome resequencing of Saccharum spp.: young leaf
ss_267,yunnan76-Ⅲ-18,13.52,34.38,11.66666667,PRJNA1303125 library_name=Ss_267,1,40443101,40443101,SRX30301107,SRR35197273,SRP608715,PRJNA1303125,SRS26349381,SAMN50497211,Ss_267,Saccharum spontaneum,DNBSEQ-T7,Whole genome resequencing of Saccharum spp.: young leaf
ss_268,yunnan87-47,12.63,25.33,9,PRJNA1303125 library_name=Ss_268,1,40346580,40346580,SRX30222594,SRR35113724,SRP608715,PRJNA1303125,SRS26277325,SAMN50497212,Ss_268,Saccharum spontaneum,DNBSEQ-T7,Whole genome resequencing of Saccharum spp.: young leaf
ss_269,hainan92-39,12.34,47.53,9,PRJNA1303125 library_name=Ss_269,1,40346581,40346581,SRX30222595,SRR35113723,SRP608715,PRJNA1303125,SRS26277326,SAMN50497213,Ss_269,Saccharum spontaneum,DNBSEQ-T7,Whole genome resequencing of Saccharum spp.: young leaf
ss_270,guangdong-81,16.91,52.91,5.333333333,PRJNA1303125 library_name=Ss_270,1,40346582,40346582,SRX30222596,SRR35113722,SRP608715,PRJNA1303125,SRS26277327,SAMN50497214,Ss_270,Saccharum spontaneum,DNBSEQ-T7,Whole genome resequencing of Saccharum spp.: young leaf
ss_271,Vietnam-3,16.68,27.67,0,PRJNA1303125 library_name=Ss_271,1,40346583,40346583,SRX30222597,SRR35113721,SRP608715,PRJNA1303125,SRS26277328,SAMN50497215,Ss_271,Saccharum spontaneum,DNBSEQ-T7,Whole genome resequencing of Saccharum spp.: young leaf
ss_272,hainan92-66,14.93333,39.03041,6.666666667,PRJNA1303125 library_name=Ss_272,1,40443102,40443102,SRX30301108,SRR35197272,SRP608715,PRJNA1303125,SRS26349382,SAMN50497216,Ss_272,Saccharum spontaneum,DNBSEQ-T7,Whole genome resequencing of Saccharum spp.: young leaf
ss_273,hainan-2,13.79,46.55,8,PRJNA1303125 library_name=Ss_273,1,40443103,40443103,SRX30301109,SRR35197271,SRP608715,PRJNA1303125,SRS26349383,SAMN50497217,Ss_273,Saccharum spontaneum,DNBSEQ-T7,Whole genome resequencing of Saccharum spp.: young leaf
ss_274,hainan92-50,15.39,32.05,8,PRJNA1303125 library_name=Ss_274,1,40443104,40443104,SRX30301110,SRR35197270,SRP608715,PRJNA1303125,SRS26349384,SAMN50497218,Ss_274,Saccharum spontaneum,DNBSEQ-T7,Whole genome resequencing of Saccharum spp.: young leaf
ss_275,yunnan82-110,15.69,53.09,12,PRJNA1303125 library_name=Ss_275,1,40443105,40443105,SRX30301111,SRR35197269,SRP608715,PRJNA1303125,SRS26349385,SAMN50497219,Ss_275,Saccharum spontaneum,DNBSEQ-T7,Whole genome resequencing of Saccharum spp.: young leaf
ss_276,Thailand	S.SP2003-1,16.08,51.77,11,PRJNA1303125 library_name=Ss_276,1,40443106,40443106,SRX30301112,SRR35197268,SRP608715,PRJNA1303125,SRS26349386,SAMN50497220,Ss_276,Saccharum spontaneum,DNBSEQ-T7,Whole genome resequencing of Saccharum spp.: young leaf
ss_277,hainan92-47,13.79,49.07,7.666666667,PRJNA1303125 library_name=Ss_277,1,40443107,40443107,SRX30301113,SRR35197267,SRP608715,PRJNA1303125,SRS26349387,SAMN50497221,Ss_277,Saccharum spontaneum,DNBSEQ-T7,Whole genome resequencing of Saccharum spp.: young leaf
ss_278,Thailand	S.SP98T-266,11.49,18.87,5,PRJNA1303125 library_name=Ss_278,1,40211279,40211279,SRX30096638,SRR34977614,SRP608715,PRJNA1303125,SRS26161445,SAMN50497222,Ss_278,Saccharum spontaneum,DNBSEQ-T7,Whole genome resequencing of Saccharum spp.: young leaf
ss_279,fujian89-Ⅰ-19,12.14,28.47897,13.33333333,PRJNA1303125 library_name=Ss_279,1,40443109,40443109,SRX30301115,SRR35197265,SRP608715,PRJNA1303125,SRS26349389,SAMN50497223,Ss_279,Saccharum spontaneum,DNBSEQ-T7,Whole genome resequencing of Saccharum spp.: young leaf
ss_280,guangxi87-51,16.45333333,41.2657658,6.666666667,PRJNA1303125 library_name=Ss_280,1,40211290,40211290,SRX30096649,SRR34977603,SRP608715,PRJNA1303125,SRS26161456,SAMN50497224,Ss_280,Saccharum spontaneum,DNBSEQ-T7,Whole genome resequencing of Saccharum spp.: young leaf
ss_281,guangxige-3,16.54666667,48.07843272,7.333333333,PRJNA1303125 library_name=Ss_281,1,40443110,40443110,SRX30301116,SRR35197264,SRP608715,PRJNA1303125,SRS26349390,SAMN50497225,Ss_281,Saccharum spontaneum,DNBSEQ-T7,Whole genome resequencing of Saccharum spp.: young leaf
ss_282,guangxi85-13,12.71333333,28.09,7,PRJNA1303125 library_name=Ss_282,1,40211301,40211301,SRX30096660,SRR34977592,SRP608715,PRJNA1303125,SRS26161467,SAMN50497226,Ss_282,Saccharum spontaneum,DNBSEQ-T7,Whole genome resequencing of Saccharum spp.: young leaf
ss_283,guangxi87-53,18.78666667,42.86518275,14.33333333,PRJNA1303125 library_name=Ss_283,1,40443111,40443111,SRX30301117,SRR35197263,SRP608715,PRJNA1303125,SRS26349391,SAMN50497227,Ss_283,Saccharum spontaneum,DNBSEQ-T7,Whole genome resequencing of Saccharum spp.: young leaf
ss_284,guangxi92-1,16.22666667,35.09789852,9.333333333,PRJNA1303125 library_name=Ss_284,1,40211312,40211312,SRX30096671,SRR34977581,SRP608715,PRJNA1303125,SRS26161478,SAMN50497228,Ss_284,Saccharum spontaneum,DNBSEQ-T7,Whole genome resequencing of Saccharum spp.: young leaf
ss_285,guangxi83-25,15.82,42.89,8.333333333,PRJNA1303125 library_name=Ss_285,1,40443112,40443112,SRX30301118,SRR35197262,SRP608715,PRJNA1303125,SRS26349392,SAMN50497229,Ss_285,Saccharum spontaneum,DNBSEQ-T7,Whole genome resequencing of Saccharum spp.: young leaf
ss_286,guangdong-80,16.18,41.88,9,PRJNA1303125 library_name=Ss_286,1,40211209,40211209,SRX30096568,SRR34977685,SRP608715,PRJNA1303125,SRS26161375,SAMN50497230,Ss_286,Saccharum spontaneum,DNBSEQ-T7,Whole genome resequencing of Saccharum spp.: young leaf
ss_287,sichuanzizhong-2,17.73,37.43,9.333333333,PRJNA1303125 library_name=Ss_287,1,40211323,40211323,SRX30096682,SRR34977570,SRP608715,PRJNA1303125,SRS26161489,SAMN50497231,Ss_287,Saccharum spontaneum,DNBSEQ-T7,Whole genome resequencing of Saccharum spp.: young leaf
ss_288,yunnan82-63,12.17,27.37,6.333333333,PRJNA1303125 library_name=Ss_288,1,40443113,40443113,SRX30301119,SRR35197261,SRP608715,PRJNA1303125,SRS26349393,SAMN50497232,Ss_288,Saccharum spontaneum,DNBSEQ-T7,Whole genome resequencing of Saccharum spp.: young leaf
ss_289,yunnan82-65,13.99,29.46,12,PRJNA1303125 library_name=Ss_289,1,40211175,40211175,SRX30096534,SRR34977719,SRP608715,PRJNA1303125,SRS26161341,SAMN50497233,Ss_289,Saccharum spontaneum,DNBSEQ-T7,Whole genome resequencing of Saccharum spp.: young leaf
ss_290,yunnan82-16,15.65,40.09,7,PRJNA1303125 library_name=Ss_290,1,40443114,40443114,SRX30301120,SRR35197260,SRP608715,PRJNA1303125,SRS26349394,SAMN50497234,Ss_290,Saccharum spontaneum,DNBSEQ-T7,Whole genome resequencing of Saccharum spp.: young leaf
ss_291,guangxi87-16,13.65333333,40.54476563,6,PRJNA1303125 library_name=Ss_291,1,40211186,40211186,SRX30096545,SRR34977708,SRP608715,PRJNA1303125,SRS26161352,SAMN50497235,Ss_291,Saccharum spontaneum,DNBSEQ-T7,Whole genome resequencing of Saccharum spp.: young leaf
ss_292,hainan92-32,17.27333,52.75046,7.666666667,PRJNA1303125 library_name=Ss_292,1,40443115,40443115,SRX30301121,SRR35197259,SRP608715,PRJNA1303125,SRS26349395,SAMN50497236,Ss_292,Saccharum spontaneum,DNBSEQ-T7,Whole genome resequencing of Saccharum spp.: young leaf
ss_293,guangxi87-46,10.45333333,9.332018495,5,PRJNA1303125 library_name=Ss_293,1,40443116,40443116,SRX30301122,SRR35197258,SRP608715,PRJNA1303125,SRS26349396,SAMN50497237,Ss_293,Saccharum spontaneum,DNBSEQ-T7,Whole genome resequencing of Saccharum spp.: young leaf
ss_294,guangxi87-21,18.57333333,60.38360912,6.333333333,PRJNA1303125 library_name=Ss_294,1,40443117,40443117,SRX30301123,SRR35197257,SRP608715,PRJNA1303125,SRS26349397,SAMN50497238,Ss_294,Saccharum spontaneum,DNBSEQ-T7,Whole genome resequencing of Saccharum spp.: young leaf
ss_300,sichuan79-Ⅱ-1,20.98,53.84,9.333333333,PRJNA1303125 library_name=Ss_300,1,40443118,40443118,SRX30301124,SRR35197256,SRP608715,PRJNA1303125,SRS26349400,SAMN50497244,Ss_300,Saccharum spontaneum,DNBSEQ-T7,Whole genome resequencing of Saccharum spp.: young leaf
