sample	fine_cluster	coarse_t0.01	coarse_t0.02	coarse_t0.05	coarse_t0.1
ERR1007500	117	1	1	1	1
ERR1036024	560	1	1	1	1
ERR1036026	559	1	1	1	1
ERR1036033	558	1	1	1	1
ERR1036034	557	1	1	1	1
ERR1036037	3	1	1	1	1
ERR1036038	1	1	1	1	1
ERR1036040	1	1	1	1	1
ERR1036041	556	11	2	1	1
ERR1036042	555	1	1	1	1
ERR1036044	554	1	1	1	1
ERR1036046	3	1	1	1	1
ERR1036057	175	1	1	1	1
ERR1036059	553	1	1	1	1
ERR1036060	552	1	1	1	1
ERR1036063	174	1	1	1	1
ERR1036065	1	1	1	1	1
ERR1036076	551	1	1	1	1
ERR1036079	550	1	1	1	1
ERR1069045	549	5	2	1	1
ERR1069048	85	4	2	1	1
ERR1069052	1	1	1	1	1
ERR1100528	548	1	1	1	1
ERR1100529	547	1	1	1	1
ERR1100530	76	1	1	1	1
ERR1100534	173	1	1	1	1
ERR1100535	114	1	1	1	1
ERR1100539	84	1	1	1	1
ERR1100541	75	1	1	1	1
ERR1100546	546	1	1	1	1
ERR1100547	545	5	2	1	1
ERR1100548	51	1	1	1	1
ERR1100551	544	11	2	1	1
ERR1100553	543	1	1	1	1
ERR1100554	542	1	1	1	1
ERR1100555	172	1	1	1	1
ERR1100556	541	1	1	1	1
ERR1100557	540	1	1	1	1
ERR1100559	539	1	1	1	1
ERR1100560	74	1	1	1	1
ERR1100562	62	1	1	1	1
ERR1100566	538	1	1	1	1
ERR1100577	171	1	1	1	1
ERR1100578	537	1	1	1	1
ERR1100584	536	1	1	1	1
ERR1100585	535	1	1	1	1
ERR1100586	534	1	1	1	1
ERR1100587	19	1	1	1	1
ERR1100588	36	1	1	1	1
ERR1100595	83	1	1	1	1
ERR1100599	533	1	1	1	1
ERR1100602	532	1	1	1	1
ERR1100604	531	1	1	1	1
ERR1100605	530	1	1	1	1
ERR1100607	529	1	1	1	1
ERR1100610	23	1	1	1	1
ERR1100613	528	1	1	1	1
ERR1100614	527	11	2	1	1
ERR1100616	526	1	1	1	1
ERR1100620	111	1	1	1	1
ERR1100625	525	1	1	1	1
ERR1100626	524	5	2	1	1
ERR1100629	523	1	1	1	1
ERR1100630	73	1	1	1	1
ERR1100632	522	1	1	1	1
ERR1100633	521	1	1	1	1
ERR1100635	520	1	1	1	1
ERR1100638	113	1	1	1	1
ERR1156181	41	1	1	1	1
ERR1156183	519	1	1	1	1
ERR1156184	518	1	1	1	1
ERR1156185	170	1	1	1	1
ERR1156186	517	1	1	1	1
ERR1156187	516	1	1	1	1
ERR1156188	515	1	1	1	1
ERR1156192	71	1	1	1	1
ERR1156193	32	1	1	1	1
ERR1156194	112	1	1	1	1
ERR1156197	61	1	1	1	1
ERR1156199	514	1	1	1	1
ERR1156200	513	1	1	1	1
ERR1156201	109	1	1	1	1
ERR1156203	512	1	1	1	1
ERR1156204	169	1	1	1	1
ERR1156206	168	1	1	1	1
ERR1156209	511	1	1	1	1
ERR1156210	510	1	1	1	1
ERR1156211	509	1	1	1	1
ERR1156216	110	6	2	1	1
ERR1156224	108	1	1	1	1
ERR1156226	107	1	1	1	1
ERR1156227	508	1	1	1	1
ERR1156228	167	1	1	1	1
ERR1156230	507	1	1	1	1
ERR1156237	506	1	1	1	1
ERR1156241	505	1	1	1	1
ERR1156242	504	1	1	1	1
ERR1156244	503	1	1	1	1
ERR1156245	502	1	1	1	1
ERR1156247	501	1	1	1	1
ERR1156248	500	1	1	1	1
ERR1156250	499	1	1	1	1
ERR1156251	166	1	1	1	1
ERR1156252	498	1	1	1	1
ERR1156256	39	1	1	1	1
ERR1156258	50	1	1	1	1
ERR1156264	106	1	1	1	1
ERR1156265	72	1	1	1	1
ERR1156266	72	1	1	1	1
ERR1156267	497	1	1	1	1
ERR1156268	496	1	1	1	1
ERR1156269	495	1	1	1	1
ERR1156270	165	1	1	1	1
ERR1156272	494	1	1	1	1
ERR1156273	493	1	1	1	1
ERR1156274	72	1	1	1	1
ERR1156276	164	1	1	1	1
ERR1156281	19	1	1	1	1
ERR1156282	19	1	1	1	1
ERR1156288	492	1	1	1	1
ERR1156289	163	1	1	1	1
ERR1156290	105	1	1	1	1
ERR1156291	77	1	1	1	1
ERR1156293	491	1	1	1	1
ERR1156294	490	1	1	1	1
ERR1156296	33	1	1	1	1
ERR1156301	62	1	1	1	1
ERR1156303	489	1	1	1	1
ERR1156304	488	1	1	1	1
ERR1156305	62	1	1	1	1
ERR1156309	487	1	1	1	1
ERR1156310	486	1	1	1	1
ERR1156311	485	1	1	1	1
ERR1156312	484	1	1	1	1
ERR1156313	483	1	1	1	1
ERR1156320	482	1	1	1	1
ERR1216305	19	1	1	1	1
ERR1216306	51	1	1	1	1
ERR1541759	4	1	1	1	1
ERR1541783	12	1	1	1	1
ERR1541800	1	1	1	1	1
ERR1541804	3	1	1	1	1
ERR1541805	481	11	2	1	1
ERR1541825	15	1	1	1	1
ERR1541826	1	1	1	1	1
ERR1541827	11	1	1	1	1
ERR1541839	1	1	1	1	1
ERR1541842	70	1	1	1	1
ERR1541855	1	1	1	1	1
ERR1541860	2	1	1	1	1
ERR1541864	60	1	1	1	1
ERR1541874	1	1	1	1	1
ERR1541875	2	1	1	1	1
ERR1541877	1	1	1	1	1
ERR1541890	480	1	1	1	1
ERR1541893	7	1	1	1	1
ERR1541900	479	5	2	1	1
ERR1541906	12	1	1	1	1
ERR1541924	59	11	2	1	1
ERR1541954	12	1	1	1	1
ERR1541971	478	1	1	1	1
ERR1541977	7	1	1	1	1
ERR1541983	477	1	1	1	1
ERR1541988	476	11	2	1	1
ERR1541991	69	11	2	1	1
ERR1541994	475	5	2	1	1
ERR1542002	162	5	2	1	1
ERR1542010	474	5	2	1	1
ERR1542023	12	1	1	1	1
ERR1542029	6	1	1	1	1
ERR1542034	3	1	1	1	1
ERR1542039	2	1	1	1	1
ERR1542040	40	1	1	1	1
ERR1542041	40	1	1	1	1
ERR1542054	3	1	1	1	1
ERR1542076	473	1	1	1	1
ERR1542099	2	1	1	1	1
ERR1542100	3	1	1	1	1
ERR1542102	161	11	2	1	1
ERR1542128	23	1	1	1	1
ERR1542136	6	1	1	1	1
ERR1542137	2	1	1	1	1
ERR1542138	4	1	1	1	1
ERR1542143	10	1	1	1	1
ERR1542147	160	2	1	1	1
ERR1542158	1	1	1	1	1
ERR1542163	3	1	1	1	1
ERR1542167	7	1	1	1	1
ERR1542187	2	1	1	1	1
ERR1542203	1	1	1	1	1
ERR1556852	5	1	1	1	1
ERR1556853	1	1	1	1	1
ERR1556864	3	1	1	1	1
ERR1556867	7	1	1	1	1
ERR1556873	10	1	1	1	1
ERR1556875	1	1	1	1	1
ERR1556880	1	1	1	1	1
ERR1556886	3	1	1	1	1
ERR1556888	1	1	1	1	1
ERR1556893	3	1	1	1	1
ERR1556895	3	1	1	1	1
ERR1556900	472	1	1	1	1
ERR1556917	82	1	1	1	1
ERR1556924	1	1	1	1	1
ERR1556928	41	1	1	1	1
ERR1556932	6	1	1	1	1
ERR1556944	1	1	1	1	1
ERR1556952	1	1	1	1	1
ERR1556954	9	1	1	1	1
ERR1556955	3	1	1	1	1
ERR1556956	1	1	1	1	1
ERR1556957	48	1	1	1	1
ERR1556982	1	1	1	1	1
ERR1556989	159	1	1	1	1
ERR1556994	1	1	1	1	1
ERR1556996	158	1	1	1	1
ERR1557002	2	1	1	1	1
ERR1557004	1	1	1	1	1
ERR1557010	1	1	1	1	1
ERR1557013	471	1	1	1	1
ERR1557028	470	11	2	1	1
ERR1557088	469	5	2	1	1
ERR1557145	38	1	1	1	1
ERR1557146	4	1	1	1	1
ERR1557147	2	1	1	1	1
ERR1557197	1	1	1	1	1
ERR1557202	1	1	1	1	1
ERR1557240	6	1	1	1	1
ERR1557253	3	1	1	1	1
ERR1557263	58	1	1	1	1
ERR1557265	3	1	1	1	1
ERR1557276	3	1	1	1	1
ERR1557291	10	1	1	1	1
ERR1557298	1	1	1	1	1
ERR1557299	1	1	1	1	1
ERR1557301	3	1	1	1	1
ERR1557303	11	1	1	1	1
ERR1557306	1	1	1	1	1
ERR1557331	35	1	1	1	1
ERR1557332	6	1	1	1	1
ERR1557335	37	11	2	1	1
ERR1557347	81	1	1	1	1
ERR1557360	4	1	1	1	1
ERR1557361	3	1	1	1	1
ERR1557362	1	1	1	1	1
ERR1557363	27	1	1	1	1
ERR1557366	7	1	1	1	1
ERR1557372	49	12	2	1	1
ERR1557386	7	1	1	1	1
ERR1557437	2	1	1	1	1
ERR1557439	7	1	1	1	1
ERR1557463	1	1	1	1	1
ERR1557464	1	1	1	1	1
ERR1557466	20	1	1	1	1
ERR1557469	5	1	1	1	1
ERR1557471	4	1	1	1	1
ERR1557474	3	1	1	1	1
ERR1557475	3	1	1	1	1
ERR1585856	1	1	1	1	1
ERR1585858	468	5	2	1	1
ERR1585860	4	1	1	1	1
ERR1585881	1	1	1	1	1
ERR1585890	20	1	1	1	1
ERR1585894	3	1	1	1	1
ERR1585899	57	5	2	1	1
ERR1585910	467	5	2	1	1
ERR1585912	466	11	2	1	1
ERR1585919	3	1	1	1	1
ERR1585920	3	1	1	1	1
ERR1585922	1	1	1	1	1
ERR1585968	1	1	1	1	1
ERR1585987	465	1	1	1	1
ERR1585989	1	1	1	1	1
ERR1585991	464	1	1	1	1
ERR1585994	1	1	1	1	1
ERR1586016	9	1	1	1	1
ERR1586022	9	1	1	1	1
ERR1586036	463	5	2	1	1
ERR1586041	157	1	1	1	1
ERR1586063	15	1	1	1	1
ERR1586070	3	1	1	1	1
ERR1586078	6	1	1	1	1
ERR1586086	7	1	1	1	1
ERR1586087	17	1	1	1	1
ERR1586090	1	1	1	1	1
ERR1586091	1	1	1	1	1
ERR1586094	1	1	1	1	1
ERR1586095	7	1	1	1	1
ERR1586096	1	1	1	1	1
ERR1586103	3	1	1	1	1
ERR1586108	3	1	1	1	1
ERR1586118	3	1	1	1	1
ERR1586119	3	1	1	1	1
ERR1586125	3	1	1	1	1
ERR1586128	3	1	1	1	1
ERR1586144	2	1	1	1	1
ERR1586150	5	1	1	1	1
ERR1586151	1	1	1	1	1
ERR1586152	1	1	1	1	1
ERR1586167	462	1	1	1	1
ERR1586168	3	1	1	1	1
ERR1586174	1	1	1	1	1
ERR1586214	68	1	1	1	1
ERR1586216	1	1	1	1	1
ERR1586222	1	1	1	1	1
ERR1586230	3	1	1	1	1
ERR1586231	1	1	1	1	1
ERR1586234	1	1	1	1	1
ERR1586235	1	1	1	1	1
ERR1586240	156	11	2	1	1
ERR1586248	9	1	1	1	1
ERR1586266	47	1	1	1	1
ERR1586279	3	1	1	1	1
ERR1586285	461	1	1	1	1
ERR1586299	460	11	2	1	1
ERR1586302	1	1	1	1	1
ERR1586312	15	1	1	1	1
ERR1586313	1	1	1	1	1
ERR1586321	1	1	1	1	1
ERR1586344	9	1	1	1	1
ERR1586350	459	11	2	1	1
ERR1586351	12	1	1	1	1
ERR1586352	53	1	1	1	1
ERR1586373	458	1	1	1	1
ERR1586377	5	1	1	1	1
ERR1586381	7	1	1	1	1
ERR1586408	155	1	1	1	1
ERR1586416	457	1	1	1	1
ERR1586432	1	1	1	1	1
ERR1586433	22	1	1	1	1
ERR1586477	1	1	1	1	1
ERR1586480	2	1	1	1	1
ERR1586493	3	1	1	1	1
ERR1586496	1	1	1	1	1
ERR1586498	20	1	1	1	1
ERR1586500	1	1	1	1	1
ERR1586509	1	1	1	1	1
ERR1586516	22	1	1	1	1
ERR2212559	3	1	1	1	1
ERR2212565	456	1	1	1	1
ERR2212575	3	1	1	1	1
ERR2212576	3	1	1	1	1
ERR2407667	10	1	1	1	1
ERR2407673	11	1	1	1	1
ERR2407680	10	1	1	1	1
ERR2407683	455	1	1	1	1
ERR2407684	31	1	1	1	1
ERR2407687	11	1	1	1	1
ERR2407694	454	1	1	1	1
ERR2407695	103	1	1	1	1
ERR2710624	10	1	1	1	1
ERR2710625	102	1	1	1	1
ERR2710632	1	1	1	1	1
ERR2710634	5	1	1	1	1
ERR2710635	6	1	1	1	1
ERR2710640	9	1	1	1	1
ERR2710641	7	1	1	1	1
ERR2710645	453	1	1	1	1
ERR2710653	6	1	1	1	1
ERR2710654	452	1	1	1	1
ERR2710658	6	1	1	1	1
ERR2710665	6	1	1	1	1
ERR2710674	1	1	1	1	1
ERR2710681	1	1	1	1	1
ERR2710694	1	1	1	1	1
ERR2710699	6	1	1	1	1
ERR2710709	46	1	1	1	1
ERR2710714	6	1	1	1	1
ERR2710730	6	1	1	1	1
ERR2710735	6	1	1	1	1
ERR2710738	1	1	1	1	1
ERR2710739	6	1	1	1	1
ERR2710751	1	1	1	1	1
ERR2710771	80	1	1	1	1
ERR2710774	10	1	1	1	1
ERR2710775	10	1	1	1	1
ERR2710776	6	1	1	1	1
ERR2710777	1	1	1	1	1
ERR2710789	1	1	1	1	1
ERR2719538	6	1	1	1	1
ERR2719539	6	1	1	1	1
ERR2719548	1	1	1	1	1
ERR2719549	7	1	1	1	1
ERR2719550	6	1	1	1	1
ERR2719554	1	1	1	1	1
ERR2719558	6	1	1	1	1
ERR2719567	1	1	1	1	1
ERR2719572	1	1	1	1	1
ERR2719578	6	1	1	1	1
ERR2719591	7	1	1	1	1
ERR2719615	6	1	1	1	1
ERR2929576	3	1	1	1	1
ERR2929577	3	1	1	1	1
ERR2929578	154	1	1	1	1
ERR2929580	451	1	1	1	1
ERR2929583	450	1	1	1	1
ERR2929588	10	1	1	1	1
ERR2929589	3	1	1	1	1
ERR2929593	449	1	1	1	1
ERR2929596	11	1	1	1	1
ERR2929597	3	1	1	1	1
ERR2929599	448	1	1	1	1
ERR2929600	100	1	1	1	1
ERR2929602	447	1	1	1	1
ERR2929603	3	1	1	1	1
ERR2929604	446	1	1	1	1
ERR2929607	101	1	1	1	1
ERR2929609	3	1	1	1	1
ERR2929611	11	1	1	1	1
ERR2929614	3	1	1	1	1
ERR2929621	445	1	1	1	1
ERR2929622	444	1	1	1	1
ERR369941	8	1	1	1	1
ERR369945	3	1	1	1	1
ERR369946	16	1	1	1	1
ERR369948	10	1	1	1	1
ERR369951	443	1	1	1	1
ERR369957	23	1	1	1	1
ERR369964	8	1	1	1	1
ERR369969	8	1	1	1	1
ERR369976	4	1	1	1	1
ERR369980	442	1	1	1	1
ERR369981	67	1	1	1	1
ERR369995	3	1	1	1	1
ERR369998	441	1	1	1	1
ERR370003	440	1	1	1	1
ERR370012	439	1	1	1	1
ERR370013	8	1	1	1	1
ERR370020	3	1	1	1	1
ERR370023	3	1	1	1	1
ERR370029	2	1	1	1	1
ERR370030	2	1	1	1	1
ERR370031	9	1	1	1	1
ERR370033	3	1	1	1	1
ERR374660	438	1	1	1	1
ERR374669	55	1	1	1	1
ERR374670	21	1	1	1	1
ERR374674	4	1	1	1	1
ERR374676	29	1	1	1	1
ERR374678	437	3	1	1	1
ERR374679	29	1	1	1	1
ERR374680	16	1	1	1	1
ERR374681	4	1	1	1	1
ERR374686	3	1	1	1	1
ERR374688	4	1	1	1	1
ERR374690	99	1	1	1	1
ERR374694	3	1	1	1	1
ERR374697	7	1	1	1	1
ERR374698	16	1	1	1	1
ERR374703	29	1	1	1	1
ERR374705	436	1	1	1	1
ERR374714	4	1	1	1	1
ERR374719	3	1	1	1	1
ERR374720	435	13	2	1	1
ERR374722	434	1	1	1	1
ERR374726	433	1	1	1	1
ERR374728	432	1	1	1	1
ERR374729	8	1	1	1	1
ERR374732	4	1	1	1	1
ERR374734	23	1	1	1	1
ERR374735	3	1	1	1	1
ERR374738	431	1	1	1	1
ERR374741	430	1	1	1	1
ERR374742	4	1	1	1	1
ERR374744	8	1	1	1	1
ERR374745	429	1	1	1	1
ERR374750	4	1	1	1	1
ERR374751	21	1	1	1	1
ERR374754	29	1	1	1	1
ERR374755	8	1	1	1	1
ERR374756	9	1	1	1	1
ERR374759	428	1	1	1	1
ERR374761	3	1	1	1	1
ERR374762	4	1	1	1	1
ERR374763	4	1	1	1	1
ERR374765	16	1	1	1	1
ERR374767	153	1	1	1	1
ERR374771	4	1	1	1	1
ERR374772	152	1	1	1	1
ERR374780	4	1	1	1	1
ERR374782	151	1	1	1	1
ERR374783	8	1	1	1	1
ERR374785	427	5	2	1	1
ERR374793	3	1	1	1	1
ERR374796	4	1	1	1	1
ERR374797	3	1	1	1	1
ERR374798	7	1	1	1	1
ERR374799	3	1	1	1	1
ERR374800	2	1	1	1	1
ERR374803	55	1	1	1	1
ERR374806	426	1	1	1	1
ERR374807	29	1	1	1	1
ERR374810	21	1	1	1	1
ERR374811	8	1	1	1	1
ERR374812	4	1	1	1	1
ERR374813	3	1	1	1	1
ERR374814	425	1	1	1	1
ERR374815	424	1	1	1	1
ERR374820	423	1	1	1	1
ERR374824	25	1	1	1	1
ERR374826	8	1	1	1	1
ERR374828	3	1	1	1	1
ERR374830	4	1	1	1	1
ERR374831	3	1	1	1	1
ERR374832	21	1	1	1	1
ERR374833	150	1	1	1	1
ERR374835	3	1	1	1	1
ERR374836	3	1	1	1	1
ERR374838	4	1	1	1	1
ERR374840	422	1	1	1	1
ERR374842	8	1	1	1	1
ERR374843	8	1	1	1	1
ERR374845	21	1	1	1	1
ERR374850	421	1	1	1	1
ERR374851	16	1	1	1	1
ERR374854	4	1	1	1	1
ERR374855	8	1	1	1	1
ERR374863	149	1	1	1	1
ERR374867	21	1	1	1	1
ERR374870	4	1	1	1	1
ERR374871	8	1	1	1	1
ERR374872	420	11	2	1	1
ERR374881	8	1	1	1	1
ERR374884	3	1	1	1	1
ERR374885	419	1	1	1	1
ERR374886	4	1	1	1	1
ERR374889	3	1	1	1	1
ERR374890	4	1	1	1	1
ERR374894	418	1	1	1	1
ERR374899	417	1	1	1	1
ERR374901	8	1	1	1	1
ERR374902	416	1	1	1	1
ERR374905	29	1	1	1	1
ERR374908	16	1	1	1	1
ERR374911	4	1	1	1	1
ERR374912	8	1	1	1	1
ERR374913	8	1	1	1	1
ERR374917	8	1	1	1	1
ERR374921	3	1	1	1	1
ERR374922	148	1	1	1	1
ERR374923	8	1	1	1	1
ERR374925	3	1	1	1	1
ERR374926	8	1	1	1	1
ERR374927	3	1	1	1	1
ERR374928	4	1	1	1	1
ERR374930	8	1	1	1	1
ERR374931	4	1	1	1	1
ERR374933	25	1	1	1	1
ERR374934	8	1	1	1	1
ERR374936	4	1	1	1	1
ERR374938	8	1	1	1	1
ERR374942	4	1	1	1	1
ERR374944	7	1	1	1	1
ERR374945	4	1	1	1	1
ERR374947	147	1	1	1	1
ERR374950	3	1	1	1	1
ERR374951	415	1	1	1	1
ERR374952	3	1	1	1	1
ERR374953	4	1	1	1	1
ERR374954	414	1	1	1	1
ERR374956	47	1	1	1	1
ERR374957	413	1	1	1	1
ERR374958	4	1	1	1	1
ERR374962	4	1	1	1	1
ERR374964	412	1	1	1	1
ERR374965	411	1	1	1	1
ERR374966	410	1	1	1	1
ERR374968	25	1	1	1	1
ERR374969	4	1	1	1	1
ERR374970	8	1	1	1	1
ERR374971	8	1	1	1	1
ERR374972	3	1	1	1	1
ERR374976	4	1	1	1	1
ERR374982	3	1	1	1	1
ERR374988	3	1	1	1	1
ERR374990	3	1	1	1	1
ERR374994	409	1	1	1	1
ERR375001	3	1	1	1	1
ERR375002	408	1	1	1	1
ERR375005	79	1	1	1	1
ERR375006	4	1	1	1	1
ERR375009	8	1	1	1	1
ERR375010	8	1	1	1	1
ERR375013	8	1	1	1	1
ERR375015	7	1	1	1	1
ERR375018	407	1	1	1	1
ERR375021	4	1	1	1	1
ERR375026	406	1	1	1	1
ERR375035	405	1	1	1	1
ERR375037	8	1	1	1	1
ERR375040	8	1	1	1	1
ERR375042	3	1	1	1	1
ERR375043	55	1	1	1	1
ERR375047	404	11	2	1	1
ERR375049	403	1	1	1	1
ERR375050	16	1	1	1	1
ERR375052	402	1	1	1	1
ERR375053	4	1	1	1	1
ERR375069	86	1	1	1	1
ERR375075	8	1	1	1	1
ERR375076	4	1	1	1	1
ERR375077	3	1	1	1	1
ERR375078	4	1	1	1	1
ERR375079	7	1	1	1	1
ERR375085	3	1	1	1	1
ERR375087	4	1	1	1	1
ERR375090	3	1	1	1	1
ERR375091	8	1	1	1	1
ERR375094	8	1	1	1	1
ERR375095	4	1	1	1	1
ERR375100	21	1	1	1	1
ERR375105	401	1	1	1	1
ERR375106	4	1	1	1	1
ERR375114	8	1	1	1	1
ERR375115	400	11	2	1	1
ERR375116	4	1	1	1	1
ERR375118	4	1	1	1	1
ERR375120	4	1	1	1	1
ERR375121	8	1	1	1	1
ERR375128	4	1	1	1	1
ERR375130	8	1	1	1	1
ERR375134	4	1	1	1	1
ERR375143	7	1	1	1	1
ERR375144	399	1	1	1	1
ERR375146	8	1	1	1	1
ERR375148	398	1	1	1	1
ERR375150	397	1	1	1	1
ERR375152	4	1	1	1	1
ERR375155	3	1	1	1	1
ERR375162	7	1	1	1	1
ERR375167	4	1	1	1	1
ERR375173	396	1	1	1	1
ERR375176	395	5	2	1	1
ERR375177	34	1	1	1	1
ERR375178	29	1	1	1	1
ERR375179	3	1	1	1	1
ERR375183	2	1	1	1	1
ERR375187	394	1	1	1	1
ERR375189	393	11	2	1	1
ERR375201	16	1	1	1	1
ERR375209	21	1	1	1	1
ERR375210	4	1	1	1	1
ERR375213	16	1	1	1	1
ERR375214	1	1	1	1	1
ERR375218	392	1	1	1	1
ERR375219	16	1	1	1	1
ERR375229	391	1	1	1	1
ERR375232	4	1	1	1	1
ERR375235	4	1	1	1	1
ERR375240	390	1	1	1	1
ERR375241	21	1	1	1	1
ERR375250	16	1	1	1	1
ERR375251	3	1	1	1	1
ERR375252	389	1	1	1	1
ERR375255	388	1	1	1	1
ERR375256	29	1	1	1	1
ERR375257	4	1	1	1	1
ERR375258	4	1	1	1	1
ERR375264	8	1	1	1	1
ERR375266	16	1	1	1	1
ERR375268	4	1	1	1	1
ERR375270	3	1	1	1	1
ERR375271	4	1	1	1	1
ERR375272	4	1	1	1	1
ERR375274	387	1	1	1	1
ERR375277	3	1	1	1	1
ERR375278	386	1	1	1	1
ERR375281	385	1	1	1	1
ERR375286	16	1	1	1	1
ERR375290	384	1	1	1	1
ERR375304	1	1	1	1	1
ERR375308	2	1	1	1	1
ERR375314	2	1	1	1	1
ERR375316	3	1	1	1	1
ERR375317	3	1	1	1	1
ERR375320	3	1	1	1	1
ERR375323	383	1	1	1	1
ERR375326	4	1	1	1	1
ERR375328	8	1	1	1	1
ERR375329	3	1	1	1	1
ERR375335	3	1	1	1	1
ERR375339	382	1	1	1	1
ERR375341	2	1	1	1	1
ERR375343	4	1	1	1	1
ERR375347	2	1	1	1	1
ERR375349	16	1	1	1	1
ERR375350	98	1	1	1	1
ERR375360	2	1	1	1	1
ERR375364	45	1	1	1	1
ERR375365	2	1	1	1	1
ERR375370	3	1	1	1	1
ERR375371	3	1	1	1	1
ERR375376	381	1	1	1	1
ERR375380	380	1	1	1	1
ERR375382	8	1	1	1	1
ERR375389	3	1	1	1	1
ERR375392	3	1	1	1	1
ERR375398	10	1	1	1	1
ERR375402	8	1	1	1	1
ERR375403	379	1	1	1	1
ERR375406	15	1	1	1	1
ERR375409	3	1	1	1	1
ERR375412	4	1	1	1	1
ERR375413	16	1	1	1	1
ERR375420	3	1	1	1	1
ERR375425	378	1	1	1	1
ERR375430	8	1	1	1	1
ERR375436	377	1	1	1	1
ERR375440	376	1	1	1	1
ERR375443	85	4	2	1	1
ERR375450	1	1	1	1	1
ERR375456	21	1	1	1	1
ERR375457	4	1	1	1	1
ERR375458	375	1	1	1	1
ERR375466	1	1	1	1	1
ERR375481	3	1	1	1	1
ERR375489	374	1	1	1	1
ERR375491	9	1	1	1	1
ERR375496	3	1	1	1	1
ERR375497	373	1	1	1	1
ERR375499	16	1	1	1	1
ERR375515	3	1	1	1	1
ERR375519	2	1	1	1	1
ERR375520	2	1	1	1	1
ERR375522	3	1	1	1	1
ERR375534	9	1	1	1	1
ERR375537	7	1	1	1	1
ERR375538	3	1	1	1	1
ERR375541	372	5	2	1	1
ERR375568	23	1	1	1	1
ERR375571	23	1	1	1	1
ERR375572	371	1	1	1	1
ERR375573	370	1	1	1	1
ERR375574	97	1	1	1	1
ERR375576	369	1	1	1	1
ERR375579	97	1	1	1	1
ERR375583	368	1	1	1	1
ERR375585	97	1	1	1	1
ERR377424	56	1	1	1	1
ERR377425	3	1	1	1	1
ERR377426	2	1	1	1	1
ERR377429	3	1	1	1	1
ERR377437	3	1	1	1	1
ERR377440	3	1	1	1	1
ERR377444	3	1	1	1	1
ERR377446	3	1	1	1	1
ERR377458	3	1	1	1	1
ERR377465	2	1	1	1	1
ERR377474	2	1	1	1	1
ERR377477	3	1	1	1	1
ERR377483	3	1	1	1	1
ERR377491	3	1	1	1	1
ERR377492	9	1	1	1	1
ERR377494	56	1	1	1	1
ERR377496	3	1	1	1	1
ERR377497	3	1	1	1	1
ERR377512	45	1	1	1	1
ERR377516	367	1	1	1	1
ERR377519	7	1	1	1	1
ERR388689	2	1	1	1	1
ERR388690	366	1	1	1	1
ERR388691	365	1	1	1	1
ERR388693	8	1	1	1	1
ERR388714	4	1	1	1	1
ERR388715	8	1	1	1	1
ERR388718	8	1	1	1	1
ERR388722	34	1	1	1	1
ERR388725	2	1	1	1	1
ERR4046556	146	1	1	1	1
ERR4046565	364	1	1	1	1
ERR4046581	145	1	1	1	1
ERR4046601	144	1	1	1	1
ERR4046613	363	1	1	1	1
ERR4046621	40	1	1	1	1
ERR4046646	143	1	1	1	1
ERR4046650	14	1	1	1	1
ERR4046726	362	1	1	1	1
ERR4046733	361	1	1	1	1
ERR4046888	142	1	1	1	1
ERR4046904	54	1	1	1	1
ERR4046926	54	1	1	1	1
ERR4139251	54	1	1	1	1
ERR769199	41	1	1	1	1
ERR769200	360	11	2	1	1
ERR769201	359	1	1	1	1
ERR769202	96	1	1	1	1
ERR769203	358	1	1	1	1
ERR769206	28	1	1	1	1
ERR769207	357	5	2	1	1
ERR769208	28	1	1	1	1
ERR769209	356	1	1	1	1
ERR769210	355	1	1	1	1
ERR769211	95	1	1	1	1
ERR769212	354	1	1	1	1
ERR769213	353	1	1	1	1
ERR769214	66	11	2	1	1
ERR769215	28	1	1	1	1
ERR769216	352	1	1	1	1
ERR769217	28	1	1	1	1
ERR769220	351	1	1	1	1
ERR769221	28	1	1	1	1
ERR769227	141	1	1	1	1
ERR769228	350	5	2	1	1
ERR769229	28	1	1	1	1
ERR769230	28	1	1	1	1
ERR769233	349	1	1	1	1
ERR769234	348	1	1	1	1
ERR769237	347	1	1	1	1
ERR769238	346	1	1	1	1
ERR769241	345	1	1	1	1
ERR769242	344	1	1	1	1
ERR769243	343	1	1	1	1
ERR769245	28	1	1	1	1
ERR769246	342	5	2	1	1
ERR769247	28	1	1	1	1
ERR769248	28	1	1	1	1
ERR883257	3	1	1	1	1
ERR883259	341	1	1	1	1
ERR883260	140	1	1	1	1
ERR883261	3	1	1	1	1
ERR883263	139	1	1	1	1
ERR883264	1	1	1	1	1
ERR883265	3	1	1	1	1
ERR883269	3	1	1	1	1
ERR883270	340	1	1	1	1
ERR883273	8	1	1	1	1
ERR883275	26	1	1	1	1
ERR883276	3	1	1	1	1
ERR883279	339	1	1	1	1
ERR883280	94	1	1	1	1
ERR883281	1	1	1	1	1
ERR883283	338	1	1	1	1
ERR883287	337	1	1	1	1
ERR883288	8	1	1	1	1
ERR883289	18	1	1	1	1
ERR883294	40	1	1	1	1
ERR883300	336	1	1	1	1
ERR883301	1	1	1	1	1
ERR883302	3	1	1	1	1
ERR883303	3	1	1	1	1
ERR883305	39	1	1	1	1
ERR883306	335	1	1	1	1
ERR883307	3	1	1	1	1
ERR883310	3	1	1	1	1
ERR883311	26	1	1	1	1
ERR883312	3	1	1	1	1
ERR883313	334	1	1	1	1
ERR883319	3	1	1	1	1
ERR883320	18	1	1	1	1
ERR883321	3	1	1	1	1
ERR883322	18	1	1	1	1
ERR883324	11	1	1	1	1
ERR883326	3	1	1	1	1
ERR883328	3	1	1	1	1
ERR883329	3	1	1	1	1
ERR883330	3	1	1	1	1
ERR883334	3	1	1	1	1
ERR883337	3	1	1	1	1
ERR883341	26	1	1	1	1
ERR883343	3	1	1	1	1
ERR883347	3	1	1	1	1
ERR883352	3	1	1	1	1
ERR883354	3	1	1	1	1
ERR883358	3	1	1	1	1
ERR883359	3	1	1	1	1
ERR883361	3	1	1	1	1
ERR883364	3	1	1	1	1
ERR883367	138	1	1	1	1
ERR883372	333	1	1	1	1
ERR883374	332	1	1	1	1
ERR883377	18	1	1	1	1
ERR883378	18	1	1	1	1
ERR883385	26	1	1	1	1
ERR883386	3	1	1	1	1
ERR883387	26	1	1	1	1
ERR984976	331	1	1	1	1
ERR984978	6	1	1	1	1
ERR984988	330	1	1	1	1
ERR984992	23	1	1	1	1
ERR984993	329	1	1	1	1
ERR984994	328	6	2	1	1
ERR984995	327	1	1	1	1
ERR984996	326	1	1	1	1
ERR984998	325	1	1	1	1
ERR984999	324	1	1	1	1
ERR985000	137	1	1	1	1
ERR985001	3	1	1	1	1
ERR985002	42	1	1	1	1
ERR985005	6	1	1	1	1
ERR985006	323	1	1	1	1
ERR985008	63	1	1	1	1
ERR985010	322	11	2	1	1
ERR985011	321	1	1	1	1
ERR985013	1	1	1	1	1
ERR985022	12	1	1	1	1
ERR985024	320	1	1	1	1
ERR985025	1	1	1	1	1
ERR985034	2	1	1	1	1
ERR985035	11	1	1	1	1
ERR985045	7	1	1	1	1
ERR985062	1	1	1	1	1
ERR985066	1	1	1	1	1
ERR985068	7	1	1	1	1
ERR985071	1	1	1	1	1
ERR985072	7	1	1	1	1
ERR985075	45	1	1	1	1
ERR985078	319	1	1	1	1
ERR985081	318	1	1	1	1
ERR985087	317	11	2	1	1
ERR985089	3	1	1	1	1
ERR985092	316	1	1	1	1
ERR985094	12	1	1	1	1
ERR985095	315	1	1	1	1
ERR985097	314	1	1	1	1
ERR985098	9	1	1	1	1
ERR985103	1	1	1	1	1
ERR985104	313	11	2	1	1
ERR985105	47	1	1	1	1
ERR985106	312	1	1	1	1
ERR985108	93	1	1	1	1
ERR985109	3	1	1	1	1
ERR985111	3	1	1	1	1
ERR985114	311	5	2	1	1
ERR985115	310	11	2	1	1
ERR985116	1	1	1	1	1
ERR985118	8	1	1	1	1
ERR985120	309	1	1	1	1
ERR985124	23	1	1	1	1
ERR985125	85	4	2	1	1
ERR985132	2	1	1	1	1
ERR985133	4	1	1	1	1
ERR985135	116	4	2	1	1
ERR987499	308	1	1	1	1
ERR987501	136	11	2	1	1
ERR987503	86	1	1	1	1
ERR987505	307	1	1	1	1
ERR987506	47	1	1	1	1
ERR987507	10	1	1	1	1
ERR987514	12	1	1	1	1
ERR987516	11	1	1	1	1
ERR987518	306	1	1	1	1
ERR987520	305	1	1	1	1
ERR987522	23	1	1	1	1
ERR987525	304	11	2	1	1
ERR987528	303	1	1	1	1
ERR987530	1	1	1	1	1
ERR987531	302	1	1	1	1
ERR987533	301	1	1	1	1
ERR987534	300	1	1	1	1
ERR987536	1	1	1	1	1
ERR987537	1	1	1	1	1
ERR987541	3	1	1	1	1
ERR987546	299	1	1	1	1
ERR987549	1	1	1	1	1
ERR987552	298	1	1	1	1
ERR987553	297	1	1	1	1
ERR987554	296	1	1	1	1
ERR987555	23	1	1	1	1
ERR987558	295	11	2	1	1
ERR987560	23	1	1	1	1
ERR987561	135	11	2	1	1
ERR987562	134	1	1	1	1
ERR987567	1	1	1	1	1
ERR987568	1	1	1	1	1
ERR987569	133	12	2	1	1
ERR987571	132	1	1	1	1
ERR987574	1	1	1	1	1
ERR987575	1	1	1	1	1
ERR987576	294	1	1	1	1
ERR987577	3	1	1	1	1
ERR987579	1	1	1	1	1
ERR987580	1	1	1	1	1
ERR987581	47	1	1	1	1
ERR987585	2	1	1	1	1
ERR987587	23	1	1	1	1
ERR987588	293	10	2	1	1
ERR987591	292	1	1	1	1
ERR987596	291	5	2	1	1
ERR987598	290	1	1	1	1
ERR987599	289	1	1	1	1
ERR987600	22	1	1	1	1
ERR987601	3	1	1	1	1
ERR987602	7	1	1	1	1
ERR987603	131	15	3	1	1
ERR987607	130	1	1	1	1
ERR987608	288	1	1	1	1
ERR987610	104	11	2	1	1
ERR987613	287	11	2	1	1
ERR987615	2	1	1	1	1
ERR987618	286	10	2	1	1
ERR987619	92	1	1	1	1
ERR987620	285	1	1	1	1
ERR987621	91	1	1	1	1
ERR987625	284	11	2	1	1
ERR987631	86	1	1	1	1
ERR987632	129	11	2	1	1
ERR987633	283	5	2	1	1
ERR987634	282	1	1	1	1
ERR987635	281	11	2	1	1
ERR987636	280	4	2	1	1
ERR987638	279	1	1	1	1
ERR987640	278	1	1	1	1
ERR987642	277	1	1	1	1
ERR987644	1	1	1	1	1
ERR987647	276	11	2	1	1
ERR987648	1	1	1	1	1
ERR987650	1	1	1	1	1
ERR987651	12	1	1	1	1
SRR10094572	275	1	1	1	1
SRR10094597	274	1	1	1	1
SRR10094601	44	1	1	1	1
SRR10094603	44	1	1	1	1
SRR10094607	44	1	1	1	1
SRR11297056	10	1	1	1	1
SRR11297065	128	1	1	1	1
SRR11297140	24	1	1	1	1
SRR11297170	273	1	1	1	1
SRR11297173	24	1	1	1	1
SRR11297244	90	1	1	1	1
SRR11297250	24	1	1	1	1
SRR11297259	272	1	1	1	1
SRR11297289	24	1	1	1	1
SRR11551396	10	1	1	1	1
SRR11551400	271	1	1	1	1
SRR11551402	1	1	1	1	1
SRR11551404	12	1	1	1	1
SRR11551406	270	1	1	1	1
SRR11551410	89	1	1	1	1
SRR11551411	269	1	1	1	1
SRR11551413	268	1	1	1	1
SRR11551414	30	1	1	1	1
SRR11551415	267	1	1	1	1
SRR11551416	10	1	1	1	1
SRR11551417	266	1	1	1	1
SRR11551418	52	1	1	1	1
SRR11551419	3	1	1	1	1
SRR11551420	65	1	1	1	1
SRR11551421	10	1	1	1	1
SRR11551422	10	1	1	1	1
SRR11551423	64	1	1	1	1
SRR11551428	64	1	1	1	1
SRR11551429	265	1	1	1	1
SRR11551430	12	1	1	1	1
SRR11551432	264	1	1	1	1
SRR11551433	30	1	1	1	1
SRR11551434	263	1	1	1	1
SRR11551435	262	1	1	1	1
SRR11551436	30	1	1	1	1
SRR11551438	30	1	1	1	1
SRR11551439	65	1	1	1	1
SRR11551440	261	1	1	1	1
SRR11551441	260	1	1	1	1
SRR12963025	259	1	1	1	1
SRR12963026	258	1	1	1	1
SRR12963031	30	1	1	1	1
SRR12963033	257	1	1	1	1
SRR12963034	65	1	1	1	1
SRR12963036	256	1	1	1	1
SRR12963037	255	1	1	1	1
SRR12963043	254	1	1	1	1
SRR12963044	30	1	1	1	1
SRR12963050	253	1	1	1	1
SRR12963051	3	1	1	1	1
SRR1655265	252	1	1	1	1
SRR1655389	10	1	1	1	1
SRR1655891	24	1	1	1	1
SRR1655940	13	1	1	1	1
SRR1655992	251	1	1	1	1
SRR1656039	8	1	1	1	1
SRR1656139	13	1	1	1	1
SRR5811351	13	1	1	1	1
SRR5811361	13	1	1	1	1
SRR5811365	24	1	1	1	1
SRR5811375	13	1	1	1	1
SRR5811404	13	1	1	1	1
SRR5811469	13	1	1	1	1
SRR5811509	13	1	1	1	1
SRR5811542	13	1	1	1	1
SRR5811544	127	1	1	1	1
SRR5811549	126	1	1	1	1
SRR5811593	125	1	1	1	1
SRR6267171	250	14	2	1	1
SRR6267178	249	11	2	1	1
SRR6267180	248	7	2	1	1
SRR6267186	115	5	2	1	1
SRR6267190	247	5	2	1	1
SRR6267193	246	1	1	1	1
SRR6267198	245	1	1	1	1
SRR6267200	244	1	1	1	1
SRR6267203	124	1	1	1	1
SRR6267204	123	1	1	1	1
SRR6267205	243	1	1	1	1
SRR6267207	242	1	1	1	1
SRR6267208	241	1	1	1	1
SRR6267211	240	5	2	1	1
SRR6267212	239	1	1	1	1
SRR6267217	238	11	2	1	1
SRR6267220	237	1	1	1	1
SRR6267221	236	1	1	1	1
SRR6267223	235	1	1	1	1
SRR6267224	234	1	1	1	1
SRR6267226	233	1	1	1	1
SRR6267227	232	1	1	1	1
SRR6267228	231	1	1	1	1
SRR6267229	230	1	1	1	1
SRR6267230	122	1	1	1	1
SRR6267232	78	1	1	1	1
SRR6267236	87	1	1	1	1
SRR6267237	229	8	2	1	1
SRR6267238	228	5	2	1	1
SRR6267239	227	5	2	1	1
SRR6267241	226	1	1	1	1
SRR6267245	225	5	2	1	1
SRR6267250	224	1	1	1	1
SRR6267251	223	1	1	1	1
SRR6267258	222	1	1	1	1
SRR6267821	221	1	1	1	1
SRR6267823	220	1	1	1	1
SRR6267824	219	1	1	1	1
SRR6267826	121	1	1	1	1
SRR6267827	218	1	1	1	1
SRR6267829	217	1	1	1	1
SRR6267831	216	1	1	1	1
SRR6267832	215	1	1	1	1
SRR6267835	120	1	1	1	1
SRR6267836	214	1	1	1	1
SRR6267838	213	1	1	1	1
SRR6267844	212	9	2	1	1
SRR6267846	211	1	1	1	1
SRR6267847	210	1	1	1	1
SRR6267848	209	1	1	1	1
SRR6267850	208	1	1	1	1
SRR6267853	207	1	1	1	1
SRR6267857	206	1	1	1	1
SRR6267859	205	1	1	1	1
SRR6267860	119	1	1	1	1
SRR6267864	204	1	1	1	1
SRR6267866	203	1	1	1	1
SRR6267870	202	1	1	1	1
SRR6267871	201	5	2	1	1
SRR6267878	200	1	1	1	1
SRR6267881	199	11	2	1	1
SRR6267884	198	1	1	1	1
SRR6267887	197	1	1	1	1
SRR6267888	196	1	1	1	1
SRR6267889	195	11	2	1	1
SRR6267892	118	1	1	1	1
SRR6267893	194	9	2	1	1
SRR6267894	193	1	1	1	1
SRR6267895	192	9	2	1	1
SRR6267896	191	1	1	1	1
SRR6267900	190	1	1	1	1
SRR6267901	189	1	1	1	1
SRR6267903	188	1	1	1	1
SRR6267904	187	1	1	1	1
SRR6267906	186	1	1	1	1
SRR6267907	185	1	1	1	1
SRR6267908	184	11	2	1	1
SRR6267909	183	1	1	1	1
SRR6267915	182	11	2	1	1
SRR6267918	181	1	1	1	1
SRR6768160	3	1	1	1	1
SRR6768193	180	1	1	1	1
SRR6768213	3	1	1	1	1
SRR7211711	179	1	1	1	1
SRR7211735	88	1	1	1	1
SRR7211780	178	1	1	1	1
SRR7211782	177	1	1	1	1
SRR7211790	13	1	1	1	1
SRR7211793	13	1	1	1	1
SRR7211871	24	1	1	1	1
SRR7211913	13	1	1	1	1
SRR7211917	13	1	1	1	1
SRR8602224	43	1	1	1	1
SRR9027814	10	1	1	1	1
SRR9027815	10	1	1	1	1
SRR9027816	10	1	1	1	1
SRR9027819	10	1	1	1	1
SRR9027820	1	1	1	1	1
SRR9027828	1	1	1	1	1
SRR9027833	64	1	1	1	1
SRR9027840	10	1	1	1	1
SRR9027845	1	1	1	1	1
SRR9027851	10	1	1	1	1
SRR9027856	10	1	1	1	1
SRR9027857	10	1	1	1	1
SRR9027858	10	1	1	1	1
SRR9027860	176	1	1	1	1
