sample	hdbscan_cluster	membership_prob	fine_cluster
ERR1007500	-1	0.0	117
ERR1036024	-1	0.0	560
ERR1036026	7	0.8895609245758002	559
ERR1036033	-1	0.0	558
ERR1036034	37	1.0	557
ERR1036037	29	1.0	3
ERR1036038	-1	0.0	1
ERR1036040	21	0.25462962962962965	1
ERR1036041	2	0.281330915531565	556
ERR1036042	1	1.0	555
ERR1036044	-1	0.0	554
ERR1036046	29	1.0	3
ERR1036057	6	0.927669707924485	175
ERR1036059	-1	0.0	553
ERR1036060	-1	0.0	552
ERR1036063	-1	0.0	174
ERR1036065	-1	0.0	1
ERR1036076	-1	0.0	551
ERR1036079	-1	0.0	550
ERR1069045	3	0.9865282564691723	549
ERR1069048	3	0.44286652790824754	85
ERR1069052	-1	0.0	1
ERR1100528	0	1.0	548
ERR1100529	7	1.0	547
ERR1100530	-1	0.0	76
ERR1100534	6	1.0	173
ERR1100535	9	0.7811919179806942	114
ERR1100539	8	0.9374481224476244	84
ERR1100541	-1	0.0	75
ERR1100546	-1	0.0	546
ERR1100547	3	0.9723124620880231	545
ERR1100548	-1	0.0	51
ERR1100551	2	0.4143242202541394	544
ERR1100553	7	0.8053454884491869	543
ERR1100554	-1	0.0	542
ERR1100555	-1	0.0	172
ERR1100556	7	0.9646187116673167	541
ERR1100557	-1	0.0	540
ERR1100559	-1	0.0	539
ERR1100560	7	0.8663079470198676	74
ERR1100562	7	1.0	62
ERR1100566	7	0.8800802160658548	538
ERR1100577	7	0.9646187116673167	171
ERR1100578	-1	0.0	537
ERR1100584	7	0.7873202349605024	536
ERR1100585	7	0.8892847221087381	535
ERR1100586	1	0.33714781643955727	534
ERR1100587	7	1.0	19
ERR1100588	-1	0.0	36
ERR1100595	7	0.9989719866358263	83
ERR1100599	6	1.0	533
ERR1100602	-1	0.0	532
ERR1100604	6	1.0	531
ERR1100605	6	1.0	530
ERR1100607	-1	0.0	529
ERR1100610	-1	0.0	23
ERR1100613	7	0.8587073155336742	528
ERR1100614	2	0.5163947115831192	527
ERR1100616	7	0.8611941951922012	526
ERR1100620	-1	0.0	111
ERR1100625	7	0.8611124297808371	525
ERR1100626	3	0.870232967775405	524
ERR1100629	7	1.0	523
ERR1100630	-1	0.0	73
ERR1100632	7	0.8663079470198676	522
ERR1100633	-1	0.0	521
ERR1100635	6	1.0	520
ERR1100638	6	1.0	113
ERR1156181	6	1.0	41
ERR1156183	-1	0.0	519
ERR1156184	-1	0.0	518
ERR1156185	-1	0.0	170
ERR1156186	-1	0.0	517
ERR1156187	5	0.43894070578326083	516
ERR1156188	-1	0.0	515
ERR1156192	6	1.0	71
ERR1156193	7	1.0	32
ERR1156194	7	1.0	112
ERR1156197	-1	0.0	61
ERR1156199	6	1.0	514
ERR1156200	5	0.6244735404514775	513
ERR1156201	5	0.5355529024165394	109
ERR1156203	9	0.8131240639041438	512
ERR1156204	-1	0.0	169
ERR1156206	-1	0.0	168
ERR1156209	-1	0.0	511
ERR1156210	6	1.0	510
ERR1156211	5	0.4872806776304934	509
ERR1156216	-1	0.0	110
ERR1156224	-1	0.0	108
ERR1156226	6	1.0	107
ERR1156227	5	0.4414285358379631	508
ERR1156228	-1	0.0	167
ERR1156230	5	0.4678337095858581	507
ERR1156237	-1	0.0	506
ERR1156241	5	0.5637986444776784	505
ERR1156242	-1	0.0	504
ERR1156244	5	0.5950098225229612	503
ERR1156245	5	0.6037070478202354	502
ERR1156247	6	1.0	501
ERR1156248	6	1.0	500
ERR1156250	6	1.0	499
ERR1156251	5	0.46179808957869084	166
ERR1156252	6	1.0	498
ERR1156256	-1	0.0	39
ERR1156258	-1	0.0	50
ERR1156264	5	0.5543094009072422	106
ERR1156265	0	1.0	72
ERR1156266	0	1.0	72
ERR1156267	7	0.8766350924672981	497
ERR1156268	5	0.7067469735346322	496
ERR1156269	7	1.0	495
ERR1156270	5	0.6485185659645334	165
ERR1156272	-1	0.0	494
ERR1156273	6	1.0	493
ERR1156274	0	1.0	72
ERR1156276	6	1.0	164
ERR1156281	7	1.0	19
ERR1156282	7	1.0	19
ERR1156288	-1	0.0	492
ERR1156289	7	0.8575841147269719	163
ERR1156290	6	1.0	105
ERR1156291	6	1.0	77
ERR1156293	6	1.0	491
ERR1156294	-1	0.0	490
ERR1156296	7	0.8474344000622908	33
ERR1156301	7	1.0	62
ERR1156303	6	1.0	489
ERR1156304	7	0.8663079470198676	488
ERR1156305	7	1.0	62
ERR1156309	7	1.0	487
ERR1156310	7	1.0	486
ERR1156311	7	1.0	485
ERR1156312	-1	0.0	484
ERR1156313	7	0.9463012555211631	483
ERR1156320	5	0.6970436082535061	482
ERR1216305	7	1.0	19
ERR1216306	-1	0.0	51
ERR1541759	20	1.0	4
ERR1541783	25	1.0	12
ERR1541800	-1	0.0	1
ERR1541804	32	0.4491315136476427	3
ERR1541805	2	1.0	481
ERR1541825	-1	0.0	15
ERR1541826	15	0.613950691521347	1
ERR1541827	11	0.7573637384469206	11
ERR1541839	-1	0.0	1
ERR1541842	6	1.0	70
ERR1541855	15	1.0	1
ERR1541860	13	1.0	2
ERR1541864	-1	0.0	60
ERR1541874	-1	0.0	1
ERR1541875	23	1.0	2
ERR1541877	18	1.0	1
ERR1541890	5	0.4517259840913726	480
ERR1541893	30	0.45993425107869323	7
ERR1541900	3	1.0	479
ERR1541906	25	1.0	12
ERR1541924	2	0.41615410527366414	59
ERR1541954	25	0.37090263200387535	12
ERR1541971	-1	0.0	478
ERR1541977	30	0.9040791599353797	7
ERR1541983	-1	0.0	477
ERR1541988	2	1.0	476
ERR1541991	2	0.23095724424441752	69
ERR1541994	3	0.7972919199734719	475
ERR1542002	3	0.804719138729291	162
ERR1542010	3	0.7455554636788356	474
ERR1542023	25	1.0	12
ERR1542029	10	0.32388549216504026	6
ERR1542034	32	0.7928660826032541	3
ERR1542039	12	0.3599692662312716	2
ERR1542040	-1	0.0	40
ERR1542041	-1	0.0	40
ERR1542054	29	1.0	3
ERR1542076	-1	0.0	473
ERR1542099	13	1.0	2
ERR1542100	35	0.4032946918852959	3
ERR1542102	2	0.351604334443648	161
ERR1542128	9	1.0	23
ERR1542136	10	0.37388987566607457	6
ERR1542137	12	0.3533515602903743	2
ERR1542138	20	1.0	4
ERR1542143	26	0.48571811720531044	10
ERR1542147	-1	0.0	160
ERR1542158	21	1.0	1
ERR1542163	-1	0.0	3
ERR1542167	30	1.0	7
ERR1542187	13	1.0	2
ERR1542203	16	0.6111357586512867	1
ERR1556852	-1	0.0	5
ERR1556853	-1	0.0	1
ERR1556864	-1	0.0	3
ERR1556867	30	0.35801679328268693	7
ERR1556873	26	0.48152087210848177	10
ERR1556875	22	1.0	1
ERR1556880	16	1.0	1
ERR1556886	31	1.0	3
ERR1556888	-1	0.0	1
ERR1556893	-1	0.0	3
ERR1556895	-1	0.0	3
ERR1556900	-1	0.0	472
ERR1556917	-1	0.0	82
ERR1556924	15	0.629663891458526	1
ERR1556928	6	1.0	41
ERR1556932	10	0.815891472868217	6
ERR1556944	21	0.8627450980392157	1
ERR1556952	18	1.0	1
ERR1556954	19	0.9383567862006353	9
ERR1556955	29	1.0	3
ERR1556956	16	0.36851257356875333	1
ERR1556957	23	1.0	48
ERR1556982	16	1.0	1
ERR1556989	-1	0.0	159
ERR1556994	-1	0.0	1
ERR1556996	-1	0.0	158
ERR1557002	13	1.0	2
ERR1557004	-1	0.0	1
ERR1557010	-1	0.0	1
ERR1557013	6	1.0	471
ERR1557028	2	0.3685135060487212	470
ERR1557088	3	0.8572532148035463	469
ERR1557145	-1	0.0	38
ERR1557146	20	1.0	4
ERR1557147	13	0.4272636484687084	2
ERR1557197	-1	0.0	1
ERR1557202	18	0.9568323905924383	1
ERR1557240	10	1.0	6
ERR1557253	32	0.7931142410015649	3
ERR1557263	-1	0.0	58
ERR1557265	-1	0.0	3
ERR1557276	31	0.9804324028461959	3
ERR1557291	26	0.4779625230931644	10
ERR1557298	22	1.0	1
ERR1557299	22	1.0	1
ERR1557301	31	1.0	3
ERR1557303	11	1.0	11
ERR1557306	18	0.6836843224845777	1
ERR1557331	-1	0.0	35
ERR1557332	10	1.0	6
ERR1557335	2	1.0	37
ERR1557347	25	0.34064956250926887	81
ERR1557360	38	0.8344403852540685	4
ERR1557361	-1	0.0	3
ERR1557362	21	0.27672955974842767	1
ERR1557363	-1	0.0	27
ERR1557366	30	0.8327752976190476	7
ERR1557372	-1	0.0	49
ERR1557386	30	0.7179281590763309	7
ERR1557437	13	1.0	2
ERR1557439	30	0.5457094100438811	7
ERR1557463	15	1.0	1
ERR1557464	15	1.0	1
ERR1557466	26	0.33971112361658223	20
ERR1557469	-1	0.0	5
ERR1557471	20	1.0	4
ERR1557474	32	1.0	3
ERR1557475	32	0.6530927835051547	3
ERR1585856	15	1.0	1
ERR1585858	3	0.7441095155566559	468
ERR1585860	20	1.0	4
ERR1585881	18	0.6364356435643564	1
ERR1585890	26	0.25064009411113414	20
ERR1585894	32	1.0	3
ERR1585899	3	0.9979799936355964	57
ERR1585910	3	0.8577833273873231	467
ERR1585912	2	0.4229452489032029	466
ERR1585919	32	1.0	3
ERR1585920	32	0.5765642775881683	3
ERR1585922	16	0.5666392431098314	1
ERR1585968	-1	0.0	1
ERR1585987	-1	0.0	465
ERR1585989	-1	0.0	1
ERR1585991	8	0.921417615768691	464
ERR1585994	21	0.7586206896551725	1
ERR1586016	19	0.541577154833639	9
ERR1586022	19	0.5540605735727686	9
ERR1586036	3	0.9618107873858257	463
ERR1586041	-1	0.0	157
ERR1586063	-1	0.0	15
ERR1586070	31	1.0	3
ERR1586078	10	0.9465152053011477	6
ERR1586086	30	0.34973830169518005	7
ERR1586087	11	0.33720483039766175	17
ERR1586090	-1	0.0	1
ERR1586091	18	1.0	1
ERR1586094	18	1.0	1
ERR1586095	30	0.6302970575813037	7
ERR1586096	21	1.0	1
ERR1586103	-1	0.0	3
ERR1586108	32	1.0	3
ERR1586118	31	0.9453753793376434	3
ERR1586119	31	1.0	3
ERR1586125	-1	0.0	3
ERR1586128	35	0.42549082716446734	3
ERR1586144	23	1.0	2
ERR1586150	-1	0.0	5
ERR1586151	22	1.0	1
ERR1586152	21	0.7586206896551725	1
ERR1586167	6	1.0	462
ERR1586168	-1	0.0	3
ERR1586174	-1	0.0	1
ERR1586214	-1	0.0	68
ERR1586216	-1	0.0	1
ERR1586222	-1	0.0	1
ERR1586230	31	1.0	3
ERR1586231	14	0.8610219698839792	1
ERR1586234	14	1.0	1
ERR1586235	14	1.0	1
ERR1586240	2	1.0	156
ERR1586248	19	1.0	9
ERR1586266	4	1.0	47
ERR1586279	32	0.5765642775881683	3
ERR1586285	10	0.30087263973519895	461
ERR1586299	2	0.48349036092187275	460
ERR1586302	18	1.0	1
ERR1586312	-1	0.0	15
ERR1586313	-1	0.0	1
ERR1586321	16	0.9636236446309899	1
ERR1586344	19	0.5405292333437924	9
ERR1586350	2	0.4296737128209092	459
ERR1586351	25	1.0	12
ERR1586352	-1	0.0	53
ERR1586373	5	0.5273206154578732	458
ERR1586377	-1	0.0	5
ERR1586381	30	0.5457094100438811	7
ERR1586408	11	0.41352638777531486	155
ERR1586416	-1	0.0	457
ERR1586432	21	0.8627450980392157	1
ERR1586433	-1	0.0	22
ERR1586477	15	1.0	1
ERR1586480	23	1.0	2
ERR1586493	29	1.0	3
ERR1586496	14	1.0	1
ERR1586498	26	0.454625329484122	20
ERR1586500	16	1.0	1
ERR1586509	16	0.3405017921146954	1
ERR1586516	-1	0.0	22
ERR2212559	32	0.4716173459892053	3
ERR2212565	-1	0.0	456
ERR2212575	32	0.4960845732184808	3
ERR2212576	32	0.3321971683272155	3
ERR2407667	26	1.0	10
ERR2407673	11	1.0	11
ERR2407680	26	0.7839826839826839	10
ERR2407683	-1	0.0	455
ERR2407684	-1	0.0	31
ERR2407687	11	1.0	11
ERR2407694	26	0.2187858652974932	454
ERR2407695	-1	0.0	103
ERR2710624	-1	0.0	10
ERR2710625	25	0.15743660041124058	102
ERR2710632	-1	0.0	1
ERR2710634	-1	0.0	5
ERR2710635	10	0.7738221921253748	6
ERR2710640	19	1.0	9
ERR2710641	30	0.49733392579426794	7
ERR2710645	-1	0.0	453
ERR2710653	10	1.0	6
ERR2710654	-1	0.0	452
ERR2710658	10	0.4084665270898228	6
ERR2710665	10	0.5214132064402581	6
ERR2710674	-1	0.0	1
ERR2710681	-1	0.0	1
ERR2710694	-1	0.0	1
ERR2710699	10	0.3773469195207095	6
ERR2710709	26	0.2008762686484388	46
ERR2710714	10	0.36335968020350684	6
ERR2710730	10	0.8448457963667089	6
ERR2710735	-1	0.0	6
ERR2710738	16	1.0	1
ERR2710739	10	1.0	6
ERR2710751	-1	0.0	1
ERR2710771	-1	0.0	80
ERR2710774	-1	0.0	10
ERR2710775	-1	0.0	10
ERR2710776	10	0.3709767183007142	6
ERR2710777	16	0.8558558558558559	1
ERR2710789	-1	0.0	1
ERR2719538	10	0.9074305161656268	6
ERR2719539	10	0.8891729657625611	6
ERR2719548	-1	0.0	1
ERR2719549	30	0.49349647266313934	7
ERR2719550	10	0.34277511141583816	6
ERR2719554	16	0.9477124183006537	1
ERR2719558	10	0.3396458749097703	6
ERR2719567	-1	0.0	1
ERR2719572	16	0.9272972063278359	1
ERR2719578	10	0.8567909168808912	6
ERR2719591	30	1.0	7
ERR2719615	10	1.0	6
ERR2929576	-1	0.0	3
ERR2929577	32	0.567652329749104	3
ERR2929578	-1	0.0	154
ERR2929580	-1	0.0	451
ERR2929583	-1	0.0	450
ERR2929588	26	0.45004970178926434	10
ERR2929589	32	0.38799571275455524	3
ERR2929593	-1	0.0	449
ERR2929596	11	0.9379546427043218	11
ERR2929597	32	0.4291278577476715	3
ERR2929599	26	0.2754582097497908	448
ERR2929600	-1	0.0	100
ERR2929602	-1	0.0	447
ERR2929603	32	0.4089075359044699	3
ERR2929604	27	0.8238829666591063	446
ERR2929607	-1	0.0	101
ERR2929609	32	0.38799571275455524	3
ERR2929611	11	0.8106508875739645	11
ERR2929614	32	0.5984884270193671	3
ERR2929621	-1	0.0	445
ERR2929622	-1	0.0	444
ERR369941	-1	0.0	8
ERR369945	-1	0.0	3
ERR369946	17	1.0	16
ERR369948	26	0.6282740676496097	10
ERR369951	-1	0.0	443
ERR369957	9	1.0	23
ERR369964	-1	0.0	8
ERR369969	-1	0.0	8
ERR369976	38	0.5774534589749483	4
ERR369980	-1	0.0	442
ERR369981	29	0.6898595943837753	67
ERR369995	27	0.8651899487912349	3
ERR369998	-1	0.0	441
ERR370003	-1	0.0	440
ERR370012	-1	0.0	439
ERR370013	39	0.5372530120481928	8
ERR370020	42	1.0	3
ERR370023	35	1.0	3
ERR370029	12	1.0	2
ERR370030	40	1.0	2
ERR370031	19	1.0	9
ERR370033	27	0.8643664485425341	3
ERR374660	-1	0.0	438
ERR374669	-1	0.0	55
ERR374670	33	1.0	21
ERR374674	-1	0.0	4
ERR374676	-1	0.0	29
ERR374678	-1	0.0	437
ERR374679	-1	0.0	29
ERR374680	17	1.0	16
ERR374681	44	0.8116343490304709	4
ERR374686	-1	0.0	3
ERR374688	-1	0.0	4
ERR374690	-1	0.0	99
ERR374694	27	0.917993429365681	3
ERR374697	30	0.6566441771780581	7
ERR374698	17	0.307433211830388	16
ERR374703	-1	0.0	29
ERR374705	-1	0.0	436
ERR374714	-1	0.0	4
ERR374719	-1	0.0	3
ERR374720	-1	0.0	435
ERR374722	-1	0.0	434
ERR374726	5	0.436432380506669	433
ERR374728	-1	0.0	432
ERR374729	39	0.6046864829681059	8
ERR374732	-1	0.0	4
ERR374734	9	0.9961010664729941	23
ERR374735	-1	0.0	3
ERR374738	-1	0.0	431
ERR374741	-1	0.0	430
ERR374742	43	1.0	4
ERR374744	37	1.0	8
ERR374745	-1	0.0	429
ERR374750	38	0.40527461892088074	4
ERR374751	33	0.7579554494828958	21
ERR374754	-1	0.0	29
ERR374755	-1	0.0	8
ERR374756	19	0.9101796407185628	9
ERR374759	-1	0.0	428
ERR374761	34	1.0	3
ERR374762	43	1.0	4
ERR374763	38	1.0	4
ERR374765	17	0.6138185168125287	16
ERR374767	-1	0.0	153
ERR374771	-1	0.0	4
ERR374772	-1	0.0	152
ERR374780	44	0.991875423155044	4
ERR374782	-1	0.0	151
ERR374783	-1	0.0	8
ERR374785	3	0.8565304644176077	427
ERR374793	-1	0.0	3
ERR374796	43	0.5431107354184277	4
ERR374797	27	0.48077559393819075	3
ERR374798	30	0.9342654424040068	7
ERR374799	36	1.0	3
ERR374800	40	1.0	2
ERR374803	-1	0.0	55
ERR374806	-1	0.0	426
ERR374807	-1	0.0	29
ERR374810	33	1.0	21
ERR374811	39	0.6744917715392061	8
ERR374812	43	0.7703836930455635	4
ERR374813	42	0.5614853195164076	3
ERR374814	-1	0.0	425
ERR374815	-1	0.0	424
ERR374820	27	0.4448322312025471	423
ERR374824	-1	0.0	25
ERR374826	39	0.7226760015558148	8
ERR374828	41	0.316045126919461	3
ERR374830	43	0.7626112759643917	4
ERR374831	28	0.6729616851280188	3
ERR374832	33	1.0	21
ERR374833	-1	0.0	150
ERR374835	41	0.316045126919461	3
ERR374836	-1	0.0	3
ERR374838	44	0.7317682317682318	4
ERR374840	-1	0.0	422
ERR374842	-1	0.0	8
ERR374843	39	0.5738700710388139	8
ERR374845	33	1.0	21
ERR374850	-1	0.0	421
ERR374851	17	1.0	16
ERR374854	-1	0.0	4
ERR374855	39	1.0	8
ERR374863	-1	0.0	149
ERR374867	33	1.0	21
ERR374870	43	0.9441587068332109	4
ERR374871	39	1.0	8
ERR374872	2	0.21543489352907363	420
ERR374881	-1	0.0	8
ERR374884	-1	0.0	3
ERR374885	-1	0.0	419
ERR374886	37	0.9471143901261807	4
ERR374889	-1	0.0	3
ERR374890	44	1.0	4
ERR374894	-1	0.0	418
ERR374899	-1	0.0	417
ERR374901	39	0.9971377459749552	8
ERR374902	-1	0.0	416
ERR374905	-1	0.0	29
ERR374908	17	0.7130016051364365	16
ERR374911	43	0.7240796393688956	4
ERR374912	-1	0.0	8
ERR374913	39	0.957238536836682	8
ERR374917	-1	0.0	8
ERR374921	27	1.0	3
ERR374922	-1	0.0	148
ERR374923	37	1.0	8
ERR374925	34	0.9514069666542707	3
ERR374926	-1	0.0	8
ERR374927	27	1.0	3
ERR374928	43	0.6896243291592129	4
ERR374930	39	0.8773807649929167	8
ERR374931	43	1.0	4
ERR374933	27	0.43484766864188656	25
ERR374934	-1	0.0	8
ERR374936	43	1.0	4
ERR374938	-1	0.0	8
ERR374942	-1	0.0	4
ERR374944	30	1.0	7
ERR374945	-1	0.0	4
ERR374947	-1	0.0	147
ERR374950	27	1.0	3
ERR374951	8	1.0	415
ERR374952	41	0.316045126919461	3
ERR374953	-1	0.0	4
ERR374954	17	0.426432	414
ERR374956	4	1.0	47
ERR374957	-1	0.0	413
ERR374958	38	0.8085277554304103	4
ERR374962	-1	0.0	4
ERR374964	-1	0.0	412
ERR374965	-1	0.0	411
ERR374966	-1	0.0	410
ERR374968	-1	0.0	25
ERR374969	38	0.670804965959151	4
ERR374970	37	1.0	8
ERR374971	39	0.7840765227176818	8
ERR374972	27	0.917993429365681	3
ERR374976	-1	0.0	4
ERR374982	27	0.9432614905219423	3
ERR374988	-1	0.0	3
ERR374990	-1	0.0	3
ERR374994	-1	0.0	409
ERR375001	-1	0.0	3
ERR375002	-1	0.0	408
ERR375005	-1	0.0	79
ERR375006	43	0.5583719582850522	4
ERR375009	39	1.0	8
ERR375010	-1	0.0	8
ERR375013	-1	0.0	8
ERR375015	30	1.0	7
ERR375018	-1	0.0	407
ERR375021	44	0.7323169207698076	4
ERR375026	-1	0.0	406
ERR375035	-1	0.0	405
ERR375037	-1	0.0	8
ERR375040	-1	0.0	8
ERR375042	27	1.0	3
ERR375043	-1	0.0	55
ERR375047	2	0.3155783458532801	404
ERR375049	-1	0.0	403
ERR375050	-1	0.0	16
ERR375052	-1	0.0	402
ERR375053	-1	0.0	4
ERR375069	-1	0.0	86
ERR375075	39	0.9607032057911065	8
ERR375076	-1	0.0	4
ERR375077	41	0.316045126919461	3
ERR375078	37	0.9045173185829054	4
ERR375079	30	0.6419558359621451	7
ERR375085	35	0.8026715239829995	3
ERR375087	37	1.0	4
ERR375090	-1	0.0	3
ERR375091	40	0.017337699865151223	8
ERR375094	39	0.5547924753657808	8
ERR375095	38	1.0	4
ERR375100	-1	0.0	21
ERR375105	-1	0.0	401
ERR375106	-1	0.0	4
ERR375114	39	1.0	8
ERR375115	2	0.2561255595739943	400
ERR375116	-1	0.0	4
ERR375118	38	1.0	4
ERR375120	38	1.0	4
ERR375121	-1	0.0	8
ERR375128	43	1.0	4
ERR375130	-1	0.0	8
ERR375134	38	0.8768103297853779	4
ERR375143	-1	0.0	7
ERR375144	-1	0.0	399
ERR375146	37	1.0	8
ERR375148	-1	0.0	398
ERR375150	6	1.0	397
ERR375152	-1	0.0	4
ERR375155	42	1.0	3
ERR375162	-1	0.0	7
ERR375167	44	1.0	4
ERR375173	-1	0.0	396
ERR375176	3	0.8578343343045728	395
ERR375177	-1	0.0	34
ERR375178	-1	0.0	29
ERR375179	42	0.5906613372093023	3
ERR375183	40	1.0	2
ERR375187	-1	0.0	394
ERR375189	2	0.25030391259323737	393
ERR375201	17	0.943500424808836	16
ERR375209	-1	0.0	21
ERR375210	44	0.5177593214348825	4
ERR375213	17	0.41792636266700117	16
ERR375214	16	1.0	1
ERR375218	-1	0.0	392
ERR375219	17	0.6139316318068737	16
ERR375229	-1	0.0	391
ERR375232	-1	0.0	4
ERR375235	37	0.9884147657767864	4
ERR375240	-1	0.0	390
ERR375241	33	1.0	21
ERR375250	17	1.0	16
ERR375251	-1	0.0	3
ERR375252	-1	0.0	389
ERR375255	-1	0.0	388
ERR375256	-1	0.0	29
ERR375257	-1	0.0	4
ERR375258	-1	0.0	4
ERR375264	37	0.9884147657767864	8
ERR375266	17	0.9973057925460261	16
ERR375268	-1	0.0	4
ERR375270	-1	0.0	3
ERR375271	44	1.0	4
ERR375272	38	1.0	4
ERR375274	-1	0.0	387
ERR375277	-1	0.0	3
ERR375278	-1	0.0	386
ERR375281	-1	0.0	385
ERR375286	17	0.38994557265757596	16
ERR375290	-1	0.0	384
ERR375304	16	0.8759936406995231	1
ERR375308	12	1.0	2
ERR375314	40	1.0	2
ERR375316	-1	0.0	3
ERR375317	42	1.0	3
ERR375320	42	0.8079025844930416	3
ERR375323	-1	0.0	383
ERR375326	44	1.0	4
ERR375328	39	1.0	8
ERR375329	36	1.0	3
ERR375335	35	1.0	3
ERR375339	-1	0.0	382
ERR375341	40	1.0	2
ERR375343	38	0.9055685709136782	4
ERR375347	40	1.0	2
ERR375349	17	1.0	16
ERR375350	-1	0.0	98
ERR375360	12	1.0	2
ERR375364	-1	0.0	45
ERR375365	-1	0.0	2
ERR375370	35	0.8646173969914978	3
ERR375371	29	0.9946018893387315	3
ERR375376	-1	0.0	381
ERR375380	-1	0.0	380
ERR375382	39	0.7857344234564421	8
ERR375389	41	0.316045126919461	3
ERR375392	27	1.0	3
ERR375398	26	0.9917853231106242	10
ERR375402	39	0.8645881805490926	8
ERR375403	-1	0.0	379
ERR375406	-1	0.0	15
ERR375409	35	1.0	3
ERR375412	43	0.6027204502814258	4
ERR375413	17	0.8352764197066566	16
ERR375420	27	0.7666737019839593	3
ERR375425	-1	0.0	378
ERR375430	39	0.9012126111560227	8
ERR375436	-1	0.0	377
ERR375440	-1	0.0	376
ERR375443	3	0.4485926091769593	85
ERR375450	-1	0.0	1
ERR375456	-1	0.0	21
ERR375457	38	0.4554518263391643	4
ERR375458	-1	0.0	375
ERR375466	-1	0.0	1
ERR375481	35	1.0	3
ERR375489	-1	0.0	374
ERR375491	19	1.0	9
ERR375496	36	1.0	3
ERR375497	-1	0.0	373
ERR375499	17	0.7741373300801673	16
ERR375515	29	0.8127929418251999	3
ERR375519	40	0.2145411203814064	2
ERR375520	-1	0.0	2
ERR375522	42	0.7811148486304661	3
ERR375534	19	0.5636690843649451	9
ERR375537	30	0.7795577224447153	7
ERR375538	42	1.0	3
ERR375541	3	1.0	372
ERR375568	9	1.0	23
ERR375571	9	0.980693963570676	23
ERR375572	9	0.9467737247493097	371
ERR375573	-1	0.0	370
ERR375574	-1	0.0	97
ERR375576	-1	0.0	369
ERR375579	-1	0.0	97
ERR375583	-1	0.0	368
ERR375585	-1	0.0	97
ERR377424	-1	0.0	56
ERR377425	-1	0.0	3
ERR377426	12	1.0	2
ERR377429	35	1.0	3
ERR377437	35	0.4108141702921069	3
ERR377440	-1	0.0	3
ERR377444	-1	0.0	3
ERR377446	27	1.0	3
ERR377458	35	0.8646173969914978	3
ERR377465	12	1.0	2
ERR377474	12	1.0	2
ERR377477	42	1.0	3
ERR377483	36	1.0	3
ERR377491	35	0.5055449330783939	3
ERR377492	19	0.5825395930789607	9
ERR377494	27	0.47937974265918837	56
ERR377496	36	1.0	3
ERR377497	-1	0.0	3
ERR377512	-1	0.0	45
ERR377516	-1	0.0	367
ERR377519	30	0.9342654424040068	7
ERR388689	40	0.03481624758220503	2
ERR388690	-1	0.0	366
ERR388691	-1	0.0	365
ERR388693	39	0.5888442848087894	8
ERR388714	44	1.0	4
ERR388715	-1	0.0	8
ERR388718	39	0.9300850992824962	8
ERR388722	-1	0.0	34
ERR388725	40	0.3991130820399113	2
ERR4046556	-1	0.0	146
ERR4046565	-1	0.0	364
ERR4046581	-1	0.0	145
ERR4046601	-1	0.0	144
ERR4046613	7	1.0	363
ERR4046621	-1	0.0	40
ERR4046646	-1	0.0	143
ERR4046650	-1	0.0	14
ERR4046726	-1	0.0	362
ERR4046733	26	0.2078384116600677	361
ERR4046888	-1	0.0	142
ERR4046904	-1	0.0	54
ERR4046926	-1	0.0	54
ERR4139251	-1	0.0	54
ERR769199	6	1.0	41
ERR769200	2	0.40751600449591946	360
ERR769201	8	0.9086082059533387	359
ERR769202	5	0.49873335772792526	96
ERR769203	5	0.5316001860158114	358
ERR769206	5	0.9720218339413556	28
ERR769207	3	1.0	357
ERR769208	5	1.0	28
ERR769209	-1	0.0	356
ERR769210	5	0.47185161513674734	355
ERR769211	5	0.663825562444973	95
ERR769212	8	1.0	354
ERR769213	6	1.0	353
ERR769214	2	0.5056161040457171	66
ERR769215	5	0.940971853425385	28
ERR769216	9	0.9257522469714733	352
ERR769217	5	1.0	28
ERR769220	9	0.963862997484835	351
ERR769221	5	1.0	28
ERR769227	8	0.8973462577467027	141
ERR769228	3	0.7574080685469474	350
ERR769229	5	1.0	28
ERR769230	5	0.9024396455128857	28
ERR769233	8	0.8436164809226449	349
ERR769234	4	1.0	348
ERR769237	-1	0.0	347
ERR769238	0	1.0	346
ERR769241	6	1.0	345
ERR769242	-1	0.0	344
ERR769243	5	0.47756829238710025	343
ERR769245	5	0.9944157593444831	28
ERR769246	3	0.8583549515672227	342
ERR769247	5	1.0	28
ERR769248	5	0.8828130838793253	28
ERR883257	28	1.0	3
ERR883259	-1	0.0	341
ERR883260	-1	0.0	140
ERR883261	28	0.37366404517039725	3
ERR883263	-1	0.0	139
ERR883264	-1	0.0	1
ERR883265	34	0.9442667322834646	3
ERR883269	41	1.0	3
ERR883270	-1	0.0	340
ERR883273	39	0.8674136321195145	8
ERR883275	-1	0.0	26
ERR883276	28	0.8239217429968875	3
ERR883279	-1	0.0	339
ERR883280	-1	0.0	94
ERR883281	-1	0.0	1
ERR883283	-1	0.0	338
ERR883287	-1	0.0	337
ERR883288	39	0.570230179028133	8
ERR883289	-1	0.0	18
ERR883294	-1	0.0	40
ERR883300	-1	0.0	336
ERR883301	14	0.878147029204431	1
ERR883302	28	1.0	3
ERR883303	41	0.6996184530003469	3
ERR883305	-1	0.0	39
ERR883306	-1	0.0	335
ERR883307	34	1.0	3
ERR883310	34	1.0	3
ERR883311	-1	0.0	26
ERR883312	41	1.0	3
ERR883313	-1	0.0	334
ERR883319	28	0.9648529028898725	3
ERR883320	-1	0.0	18
ERR883321	28	0.9683825450744707	3
ERR883322	-1	0.0	18
ERR883324	11	1.0	11
ERR883326	41	0.5047547547547548	3
ERR883328	-1	0.0	3
ERR883329	-1	0.0	3
ERR883330	34	1.0	3
ERR883334	41	1.0	3
ERR883337	28	1.0	3
ERR883341	-1	0.0	26
ERR883343	28	1.0	3
ERR883347	34	1.0	3
ERR883352	28	0.827047534032582	3
ERR883354	41	1.0	3
ERR883358	41	1.0	3
ERR883359	28	1.0	3
ERR883361	34	0.8392564242755605	3
ERR883364	41	1.0	3
ERR883367	-1	0.0	138
ERR883372	-1	0.0	333
ERR883374	-1	0.0	332
ERR883377	-1	0.0	18
ERR883378	-1	0.0	18
ERR883385	-1	0.0	26
ERR883386	41	0.3116020392399197	3
ERR883387	-1	0.0	26
ERR984976	-1	0.0	331
ERR984978	10	0.3683459200589427	6
ERR984988	-1	0.0	330
ERR984992	8	0.893201733573756	23
ERR984993	-1	0.0	329
ERR984994	-1	0.0	328
ERR984995	17	0.47389758179231867	327
ERR984996	-1	0.0	326
ERR984998	-1	0.0	325
ERR984999	7	1.0	324
ERR985000	-1	0.0	137
ERR985001	32	0.6661409043112513	3
ERR985002	-1	0.0	42
ERR985005	10	0.9878967518834135	6
ERR985006	-1	0.0	323
ERR985008	-1	0.0	63
ERR985010	2	0.9239377319816077	322
ERR985011	7	0.8663079470198676	321
ERR985013	21	1.0	1
ERR985022	25	0.18181098622763972	12
ERR985024	-1	0.0	320
ERR985025	-1	0.0	1
ERR985034	23	1.0	2
ERR985035	11	0.7826475051325538	11
ERR985045	-1	0.0	7
ERR985062	-1	0.0	1
ERR985066	-1	0.0	1
ERR985068	30	0.9451129406797552	7
ERR985071	-1	0.0	1
ERR985072	30	0.5457094100438811	7
ERR985075	-1	0.0	45
ERR985078	-1	0.0	319
ERR985081	-1	0.0	318
ERR985087	2	1.0	317
ERR985089	35	0.9649635036496349	3
ERR985092	1	0.3706450534101863	316
ERR985094	25	0.1997738737171682	12
ERR985095	-1	0.0	315
ERR985097	-1	0.0	314
ERR985098	19	1.0	9
ERR985103	-1	0.0	1
ERR985104	2	0.9918230204275816	313
ERR985105	4	1.0	47
ERR985106	-1	0.0	312
ERR985108	-1	0.0	93
ERR985109	-1	0.0	3
ERR985111	-1	0.0	3
ERR985114	3	0.9609522794489888	311
ERR985115	2	0.28703703703703703	310
ERR985116	-1	0.0	1
ERR985118	-1	0.0	8
ERR985120	30	0.554015592129687	309
ERR985124	-1	0.0	23
ERR985125	3	0.442901878914405	85
ERR985132	13	1.0	2
ERR985133	20	1.0	4
ERR985135	-1	0.0	116
ERR987499	-1	0.0	308
ERR987501	2	0.47554281966839174	136
ERR987503	-1	0.0	86
ERR987505	1	0.3747141067202323	307
ERR987506	4	1.0	47
ERR987507	26	0.4079747690921378	10
ERR987514	25	0.7570863546473302	12
ERR987516	11	1.0	11
ERR987518	0	1.0	306
ERR987520	-1	0.0	305
ERR987522	9	0.9534594416596538	23
ERR987525	2	0.27075774179146883	304
ERR987528	25	1.0	303
ERR987530	21	0.31976744186046513	1
ERR987531	-1	0.0	302
ERR987533	-1	0.0	301
ERR987534	-1	0.0	300
ERR987536	22	1.0	1
ERR987537	-1	0.0	1
ERR987541	-1	0.0	3
ERR987546	32	0.445969728968673	299
ERR987549	21	1.0	1
ERR987552	-1	0.0	298
ERR987553	-1	0.0	297
ERR987554	-1	0.0	296
ERR987555	9	1.0	23
ERR987558	2	0.8713460985867664	295
ERR987560	8	0.9998937601813159	23
ERR987561	2	0.5217744963083468	135
ERR987562	37	1.0	134
ERR987567	22	1.0	1
ERR987568	-1	0.0	1
ERR987569	-1	0.0	133
ERR987571	11	0.41395590387611536	132
ERR987574	21	1.0	1
ERR987575	-1	0.0	1
ERR987576	14	1.0	294
ERR987577	29	1.0	3
ERR987579	-1	0.0	1
ERR987580	-1	0.0	1
ERR987581	4	1.0	47
ERR987585	-1	0.0	2
ERR987587	9	1.0	23
ERR987588	-1	0.0	293
ERR987591	-1	0.0	292
ERR987596	3	1.0	291
ERR987598	-1	0.0	290
ERR987599	-1	0.0	289
ERR987600	-1	0.0	22
ERR987601	35	0.2014322718269084	3
ERR987602	30	1.0	7
ERR987603	-1	0.0	131
ERR987607	-1	0.0	130
ERR987608	6	1.0	288
ERR987610	2	0.3951945405431022	104
ERR987613	2	0.40993498752596197	287
ERR987615	23	1.0	2
ERR987618	-1	0.0	286
ERR987619	-1	0.0	92
ERR987620	-1	0.0	285
ERR987621	-1	0.0	91
ERR987625	2	0.5111247318418634	284
ERR987631	-1	0.0	86
ERR987632	2	0.5217744963083468	129
ERR987633	3	0.7580050231717441	283
ERR987634	-1	0.0	282
ERR987635	2	0.49691624705777193	281
ERR987636	3	0.442594785639339	280
ERR987638	7	1.0	279
ERR987640	-1	0.0	278
ERR987642	8	1.0	277
ERR987644	-1	0.0	1
ERR987647	2	0.25831332765430187	276
ERR987648	21	0.28241335044929394	1
ERR987650	-1	0.0	1
ERR987651	25	1.0	12
SRR10094572	-1	0.0	275
SRR10094597	-1	0.0	274
SRR10094601	10	0.4084665270898228	44
SRR10094603	10	0.39891282665070815	44
SRR10094607	-1	0.0	44
SRR11297056	26	0.48571811720531044	10
SRR11297065	-1	0.0	128
SRR11297140	37	1.0	24
SRR11297170	-1	0.0	273
SRR11297173	37	1.0	24
SRR11297244	-1	0.0	90
SRR11297250	37	1.0	24
SRR11297259	24	0.36667300500728905	272
SRR11297289	37	1.0	24
SRR11551396	-1	0.0	10
SRR11551400	-1	0.0	271
SRR11551402	-1	0.0	1
SRR11551404	25	0.6071900607983082	12
SRR11551406	-1	0.0	270
SRR11551410	-1	0.0	89
SRR11551411	-1	0.0	269
SRR11551413	25	0.13977971155601535	268
SRR11551414	-1	0.0	30
SRR11551415	-1	0.0	267
SRR11551416	-1	0.0	10
SRR11551417	-1	0.0	266
SRR11551418	-1	0.0	52
SRR11551419	32	1.0	3
SRR11551420	-1	0.0	65
SRR11551421	-1	0.0	10
SRR11551422	26	0.30930828351836037	10
SRR11551423	-1	0.0	64
SRR11551428	26	0.2168602562567357	64
SRR11551429	-1	0.0	265
SRR11551430	25	0.45341492301618636	12
SRR11551432	-1	0.0	264
SRR11551433	26	0.2168602562567357	30
SRR11551434	-1	0.0	263
SRR11551435	-1	0.0	262
SRR11551436	26	0.19897819040817447	30
SRR11551438	-1	0.0	30
SRR11551439	-1	0.0	65
SRR11551440	-1	0.0	261
SRR11551441	-1	0.0	260
SRR12963025	-1	0.0	259
SRR12963026	-1	0.0	258
SRR12963031	-1	0.0	30
SRR12963033	-1	0.0	257
SRR12963034	-1	0.0	65
SRR12963036	-1	0.0	256
SRR12963037	11	0.6292521888904837	255
SRR12963043	-1	0.0	254
SRR12963044	26	0.2078384116600677	30
SRR12963050	-1	0.0	253
SRR12963051	32	0.29623567921440264	3
SRR1655265	1	0.342336449447185	252
SRR1655389	26	0.31536787113626463	10
SRR1655891	37	1.0	24
SRR1655940	24	0.7247557003257329	13
SRR1655992	-1	0.0	251
SRR1656039	-1	0.0	8
SRR1656139	24	1.0	13
SRR5811351	24	0.3218179795282599	13
SRR5811361	24	1.0	13
SRR5811365	37	1.0	24
SRR5811375	-1	0.0	13
SRR5811404	24	0.8190570579074048	13
SRR5811469	24	0.7059182428309946	13
SRR5811509	24	0.5338193226907816	13
SRR5811542	24	1.0	13
SRR5811544	-1	0.0	127
SRR5811549	-1	0.0	126
SRR5811593	-1	0.0	125
SRR6267171	-1	0.0	250
SRR6267178	2	0.47431212228937075	249
SRR6267180	-1	0.0	248
SRR6267186	3	0.8810000732833377	115
SRR6267190	3	1.0	247
SRR6267193	1	1.0	246
SRR6267198	9	0.963862997484835	245
SRR6267200	8	0.846068560469855	244
SRR6267203	7	0.9984038161636547	124
SRR6267204	8	1.0	123
SRR6267205	-1	0.0	243
SRR6267207	6	1.0	242
SRR6267208	7	0.9522459621677429	241
SRR6267211	3	0.8902973376615362	240
SRR6267212	6	1.0	239
SRR6267217	2	0.5061454887560317	238
SRR6267220	1	1.0	237
SRR6267221	8	0.9466890192791282	236
SRR6267223	-1	0.0	235
SRR6267224	6	1.0	234
SRR6267226	-1	0.0	233
SRR6267227	-1	0.0	232
SRR6267228	-1	0.0	231
SRR6267229	-1	0.0	230
SRR6267230	1	1.0	122
SRR6267232	1	1.0	78
SRR6267236	6	1.0	87
SRR6267237	-1	0.0	229
SRR6267238	3	0.9236314744862026	228
SRR6267239	3	0.8224180785807128	227
SRR6267241	7	1.0	226
SRR6267245	3	0.7604583983468983	225
SRR6267250	6	1.0	224
SRR6267251	8	1.0	223
SRR6267258	-1	0.0	222
SRR6267821	7	0.8207100413235604	221
SRR6267823	-1	0.0	220
SRR6267824	-1	0.0	219
SRR6267826	7	0.9927393461762989	121
SRR6267827	7	0.9888787933854261	218
SRR6267829	7	0.928159645232816	217
SRR6267831	-1	0.0	216
SRR6267832	-1	0.0	215
SRR6267835	-1	0.0	120
SRR6267836	7	1.0	214
SRR6267838	7	0.8663079470198676	213
SRR6267844	-1	0.0	212
SRR6267846	7	1.0	211
SRR6267847	-1	0.0	210
SRR6267848	7	1.0	209
SRR6267850	-1	0.0	208
SRR6267853	-1	0.0	207
SRR6267857	7	1.0	206
SRR6267859	-1	0.0	205
SRR6267860	-1	0.0	119
SRR6267864	-1	0.0	204
SRR6267866	-1	0.0	203
SRR6267870	-1	0.0	202
SRR6267871	3	0.8432922195592447	201
SRR6267878	-1	0.0	200
SRR6267881	2	0.4424929028149956	199
SRR6267884	-1	0.0	198
SRR6267887	-1	0.0	197
SRR6267888	7	0.9693957531708707	196
SRR6267889	2	0.34882091503267976	195
SRR6267892	7	1.0	118
SRR6267893	-1	0.0	194
SRR6267894	7	0.9606849677817989	193
SRR6267895	-1	0.0	192
SRR6267896	-1	0.0	191
SRR6267900	7	0.9097109614002241	190
SRR6267901	1	1.0	189
SRR6267903	7	0.8189438516757213	188
SRR6267904	-1	0.0	187
SRR6267906	-1	0.0	186
SRR6267907	7	0.8474739924001745	185
SRR6267908	2	0.44498399146211315	184
SRR6267909	7	0.8028385116992712	183
SRR6267915	2	0.2872595118758504	182
SRR6267918	8	0.8430119726510017	181
SRR6768160	32	0.3841139912081249	3
SRR6768193	28	0.4020831073017251	180
SRR6768213	32	0.3586694975230007	3
SRR7211711	-1	0.0	179
SRR7211735	-1	0.0	88
SRR7211780	-1	0.0	178
SRR7211782	-1	0.0	177
SRR7211790	24	0.32516440897082793	13
SRR7211793	24	1.0	13
SRR7211871	-1	0.0	24
SRR7211913	-1	0.0	13
SRR7211917	24	1.0	13
SRR8602224	-1	0.0	43
SRR9027814	26	0.6291471252388396	10
SRR9027815	26	1.0	10
SRR9027816	26	1.0	10
SRR9027819	26	0.7552126772310258	10
SRR9027820	14	1.0	1
SRR9027828	-1	0.0	1
SRR9027833	26	0.2168602562567357	64
SRR9027840	26	0.7889348725767806	10
SRR9027845	-1	0.0	1
SRR9027851	26	1.0	10
SRR9027856	26	0.7618847286495583	10
SRR9027857	26	0.4688673139158575	10
SRR9027858	26	1.0	10
SRR9027860	-1	0.0	176
