sample_name	ampicillin_RIS	gentamicin_RIS	linezolid_RIS	quinupristin_dalfopristin_RIS	streptomycin_RIS	teicoplanin_RIS	tigecycline_RIS	vancomycin_RIS
1352.10281	I/R	NA	NA	NA	NA	NA	NA	I/R
1352.10276	I/R	NA	NA	NA	NA	NA	NA	S
1352.10275	I/R	NA	NA	NA	NA	NA	NA	S
1352.10279	I/R	NA	NA	NA	NA	NA	NA	I/R
1352.1028	I/R	NA	NA	NA	NA	NA	NA	I/R
1352.10278	I/R	NA	NA	NA	NA	NA	NA	I/R
1352.10285	S	NA	NA	NA	NA	NA	NA	S
1352.10283	I/R	NA	NA	NA	NA	NA	NA	I/R
1352.10284	I/R	NA	NA	NA	NA	NA	NA	S
1352.10286	S	NA	NA	NA	NA	NA	NA	S
1352.10287	S	NA	NA	NA	NA	NA	NA	S
1352.10288	I/R	NA	NA	NA	NA	NA	NA	S
1352.10282	I/R	NA	NA	NA	NA	NA	NA	I/R
1352.10274	I/R	NA	NA	NA	NA	NA	NA	S
1352.10263	I/R	NA	NA	NA	NA	NA	NA	S
1352.10272	S	NA	NA	NA	NA	NA	NA	S
1352.1027	I/R	NA	NA	NA	NA	NA	NA	S
1352.10269	S	NA	NA	NA	NA	NA	NA	S
1352.10268	I/R	NA	NA	NA	NA	NA	NA	S
1352.10267	I/R	NA	NA	NA	NA	NA	NA	S
1352.10266	I/R	NA	NA	NA	NA	NA	NA	S
1352.10265	S	NA	NA	NA	NA	NA	NA	S
1352.10264	I/R	NA	NA	NA	NA	NA	NA	S
1352.10259	I/R	NA	NA	NA	NA	NA	NA	S
1352.10262	I/R	NA	NA	NA	NA	NA	NA	S
1352.10289	S	NA	NA	NA	NA	NA	NA	S
1352.10261	I/R	NA	NA	NA	NA	NA	NA	S
1352.1026	I/R	NA	NA	NA	NA	NA	NA	S
1352.10273	I/R	NA	NA	NA	NA	NA	NA	S
1352.1029	I/R	NA	NA	NA	NA	NA	NA	I/R
1352.10316	I/R	NA	NA	NA	NA	NA	NA	I/R
1352.10292	S	NA	NA	NA	NA	NA	NA	S
1352.10322	S	NA	NA	NA	NA	NA	NA	S
1352.10321	S	NA	NA	NA	NA	NA	NA	S
1352.10258	I/R	NA	NA	NA	NA	NA	NA	S
1352.1032	S	NA	NA	NA	NA	NA	NA	S
1352.10319	S	NA	NA	NA	NA	NA	NA	S
1352.10318	S	NA	NA	NA	NA	NA	NA	S
1352.10317	S	NA	NA	NA	NA	NA	NA	S
1352.10315	I/R	NA	NA	NA	NA	NA	NA	I/R
1352.10314	I/R	NA	NA	NA	NA	NA	NA	I/R
1352.10313	I/R	NA	NA	NA	NA	NA	NA	I/R
1352.10312	I/R	NA	NA	NA	NA	NA	NA	I/R
1352.10311	I/R	NA	NA	NA	NA	NA	NA	I/R
1352.1031	I/R	NA	NA	NA	NA	NA	NA	S
1352.10309	I/R	NA	NA	NA	NA	NA	NA	I/R
1352.10291	I/R	NA	NA	NA	NA	NA	NA	I/R
1352.10308	I/R	NA	NA	NA	NA	NA	NA	I/R
1352.10306	I/R	NA	NA	NA	NA	NA	NA	S
1352.10305	S	NA	NA	NA	NA	NA	NA	S
1352.10304	S	NA	NA	NA	NA	NA	NA	S
1352.10303	S	NA	NA	NA	NA	NA	NA	S
1352.10302	S	NA	NA	NA	NA	NA	NA	S
1352.10301	I/R	NA	NA	NA	NA	NA	NA	S
1352.103	I/R	NA	NA	NA	NA	NA	NA	S
1352.10299	I/R	NA	NA	NA	NA	NA	NA	I/R
1352.10298	S	NA	NA	NA	NA	NA	NA	S
1352.10297	I/R	NA	NA	NA	NA	NA	NA	I/R
1352.10296	I/R	NA	NA	NA	NA	NA	NA	I/R
1352.10295	I/R	NA	NA	NA	NA	NA	NA	I/R
1352.10294	S	NA	NA	NA	NA	NA	NA	S
1352.10293	I/R	NA	NA	NA	NA	NA	NA	I/R
1352.10307	I/R	NA	NA	NA	NA	NA	NA	S
1352.10257	S	NA	NA	NA	NA	NA	NA	S
1352.10198	S	NA	NA	NA	NA	NA	NA	S
1352.10255	I/R	NA	NA	NA	NA	NA	NA	S
1352.10213	I/R	NA	NA	NA	NA	NA	NA	S
1352.10212	I/R	NA	NA	NA	NA	NA	NA	S
1352.10211	I/R	NA	NA	NA	NA	NA	NA	S
1352.1021	I/R	NA	NA	NA	NA	NA	NA	S
1352.10209	S	NA	NA	NA	NA	NA	NA	S
1352.10208	S	NA	NA	NA	NA	NA	NA	S
1352.10207	S	NA	NA	NA	NA	NA	NA	S
1352.10206	S	NA	NA	NA	NA	NA	NA	S
1352.10205	S	NA	NA	NA	NA	NA	NA	S
1352.10204	I/R	NA	NA	NA	NA	NA	NA	S
1352.10203	S	NA	NA	NA	NA	NA	NA	S
1352.10202	I/R	NA	NA	NA	NA	NA	NA	S
1352.10201	S	NA	NA	NA	NA	NA	NA	S
1352.102	S	NA	NA	NA	NA	NA	NA	S
1352.10199	S	NA	NA	NA	NA	NA	NA	S
1352.10323	S	NA	NA	NA	NA	NA	NA	S
1352.10196	S	NA	NA	NA	NA	NA	NA	S
1352.10195	I/R	NA	NA	NA	NA	NA	NA	S
1352.10194	S	NA	NA	NA	NA	NA	NA	S
1352.10193	I/R	NA	NA	NA	NA	NA	NA	S
1352.10192	I/R	NA	NA	NA	NA	NA	NA	S
1352.10191	I/R	NA	NA	NA	NA	NA	NA	S
1352.1019	I/R	NA	NA	NA	NA	NA	NA	S
1352.10189	I/R	NA	NA	NA	NA	NA	NA	S
1352.10188	I/R	NA	NA	NA	NA	NA	NA	S
1352.10187	I/R	NA	NA	NA	NA	NA	NA	S
1352.10186	I/R	NA	NA	NA	NA	NA	NA	S
1352.10185	S	NA	NA	NA	NA	NA	NA	S
1352.10184	S	NA	NA	NA	NA	NA	NA	S
1352.10214	S	NA	NA	NA	NA	NA	NA	S
1352.10215	I/R	NA	NA	NA	NA	NA	NA	S
1352.10216	I/R	NA	NA	NA	NA	NA	NA	S
1352.10217	I/R	NA	NA	NA	NA	NA	NA	S
1352.10254	I/R	NA	NA	NA	NA	NA	NA	S
1352.10252	I/R	NA	NA	NA	NA	NA	NA	S
1352.10251	I/R	NA	NA	NA	NA	NA	NA	S
1352.1025	I/R	NA	NA	NA	NA	NA	NA	S
1352.10249	S	NA	NA	NA	NA	NA	NA	S
1352.10248	I/R	NA	NA	NA	NA	NA	NA	S
1352.10247	I/R	NA	NA	NA	NA	NA	NA	S
1352.10246	I/R	NA	NA	NA	NA	NA	NA	S
1352.10245	I/R	NA	NA	NA	NA	NA	NA	S
1352.10243	I/R	NA	NA	NA	NA	NA	NA	S
1352.10242	I/R	NA	NA	NA	NA	NA	NA	S
1352.10241	I/R	NA	NA	NA	NA	NA	NA	S
1352.10238	I/R	NA	NA	NA	NA	NA	NA	S
1352.10237	S	NA	NA	NA	NA	NA	NA	S
1352.10256	I/R	NA	NA	NA	NA	NA	NA	S
1352.10236	S	NA	NA	NA	NA	NA	NA	S
1352.10234	I/R	NA	NA	NA	NA	NA	NA	S
1352.10233	I/R	NA	NA	NA	NA	NA	NA	S
1352.10231	I/R	NA	NA	NA	NA	NA	NA	S
1352.1023	S	NA	NA	NA	NA	NA	NA	S
1352.10228	I/R	NA	NA	NA	NA	NA	NA	S
1352.10227	I/R	NA	NA	NA	NA	NA	NA	S
1352.10226	I/R	NA	NA	NA	NA	NA	NA	S
1352.10225	I/R	NA	NA	NA	NA	NA	NA	S
1352.10224	S	NA	NA	NA	NA	NA	NA	S
1352.10223	S	NA	NA	NA	NA	NA	NA	S
1352.10222	S	NA	NA	NA	NA	NA	NA	S
1352.10221	I/R	NA	NA	NA	NA	NA	NA	S
1352.10219	I/R	NA	NA	NA	NA	NA	NA	S
1352.10218	I/R	NA	NA	NA	NA	NA	NA	S
1352.10235	I/R	NA	NA	NA	NA	NA	NA	S
1352.10324	I/R	NA	NA	NA	NA	NA	NA	S
1352.10373	I/R	NA	NA	NA	NA	NA	NA	I/R
1352.10326	I/R	NA	NA	NA	NA	NA	NA	S
1352.10423	I/R	NA	NA	NA	NA	NA	NA	I/R
1352.10422	I/R	NA	NA	NA	NA	NA	NA	I/R
1352.10421	I/R	NA	NA	NA	NA	NA	NA	I/R
1352.1042	I/R	NA	NA	NA	NA	NA	NA	I/R
1352.10419	I/R	NA	NA	NA	NA	NA	NA	S
1352.10418	I/R	NA	NA	NA	NA	NA	NA	S
1352.10417	I/R	NA	NA	NA	NA	NA	NA	I/R
1352.10416	I/R	NA	NA	NA	NA	NA	NA	I/R
1352.10415	I/R	NA	NA	NA	NA	NA	NA	S
1352.10414	I/R	NA	NA	NA	NA	NA	NA	S
1352.10413	I/R	NA	NA	NA	NA	NA	NA	S
1352.10412	S	NA	NA	NA	NA	NA	NA	S
1352.10411	S	NA	NA	NA	NA	NA	NA	S
1352.1041	S	NA	NA	NA	NA	NA	NA	S
1352.10409	I/R	NA	NA	NA	NA	NA	NA	I/R
1352.10408	I/R	NA	NA	NA	NA	NA	NA	I/R
1352.10407	I/R	NA	NA	NA	NA	NA	NA	I/R
1352.10406	I/R	NA	NA	NA	NA	NA	NA	I/R
1352.10405	I/R	NA	NA	NA	NA	NA	NA	S
1352.10404	I/R	NA	NA	NA	NA	NA	NA	S
1352.10403	I/R	NA	NA	NA	NA	NA	NA	I/R
1352.10402	I/R	NA	NA	NA	NA	NA	NA	I/R
1352.10401	I/R	NA	NA	NA	NA	NA	NA	I/R
1352.104	I/R	NA	NA	NA	NA	NA	NA	I/R
1352.10399	I/R	NA	NA	NA	NA	NA	NA	S
1352.10398	I/R	NA	NA	NA	NA	NA	NA	S
1352.10397	I/R	NA	NA	NA	NA	NA	NA	S
1352.10396	S	NA	NA	NA	NA	NA	NA	S
1352.10394	I/R	NA	NA	NA	NA	NA	NA	S
1352.10424	I/R	NA	NA	NA	NA	NA	NA	S
1352.10393	I/R	NA	NA	NA	NA	NA	NA	S
1352.10425	I/R	NA	NA	NA	NA	NA	NA	S
1352.10427	I/R	NA	NA	NA	NA	NA	NA	I/R
1352.10431	I/R	NA	NA	NA	NA	NA	NA	S
1352.10183	S	NA	NA	NA	NA	NA	NA	S
1352.10432	I/R	NA	NA	NA	NA	NA	NA	S
1352.10433	I/R	NA	NA	NA	NA	NA	NA	I/R
1352.10434	S	NA	NA	NA	NA	NA	NA	I/R
1352.10435	S	NA	NA	NA	NA	NA	NA	S
1352.10436	I/R	NA	NA	NA	NA	NA	NA	S
1352.10437	S	NA	NA	NA	NA	NA	NA	S
1352.10438	S	NA	NA	NA	NA	NA	NA	S
1352.10439	I/R	NA	NA	NA	NA	NA	NA	I/R
1352.1044	I/R	NA	NA	NA	NA	NA	NA	I/R
1352.10441	I/R	NA	NA	NA	NA	NA	NA	I/R
1352.10442	I/R	NA	NA	NA	NA	NA	NA	S
1352.10443	I/R	NA	NA	NA	NA	NA	NA	S
1352.10444	I/R	NA	NA	NA	NA	NA	NA	I/R
1352.10445	I/R	NA	NA	NA	NA	NA	NA	I/R
1352.10446	I/R	NA	NA	NA	NA	NA	NA	S
1352.10447	I/R	NA	NA	NA	NA	NA	NA	I/R
1352.10448	I/R	NA	NA	NA	NA	NA	NA	I/R
1352.10449	I/R	NA	NA	NA	NA	NA	NA	I/R
1352.1045	I/R	NA	NA	NA	NA	NA	NA	I/R
1352.10451	I/R	NA	NA	NA	NA	NA	NA	I/R
1352.10452	I/R	NA	NA	NA	NA	NA	NA	I/R
1352.10453	I/R	NA	NA	NA	NA	NA	NA	I/R
1352.10454	I/R	NA	NA	NA	NA	NA	NA	S
1352.10455	I/R	NA	NA	NA	NA	NA	NA	S
1352.1043	I/R	NA	NA	NA	NA	NA	NA	S
1352.10429	S	NA	NA	NA	NA	NA	NA	I/R
1352.10428	I/R	NA	NA	NA	NA	NA	NA	S
1352.10426	I/R	NA	NA	NA	NA	NA	NA	I/R
1352.10391	I/R	NA	NA	NA	NA	NA	NA	I/R
1352.1039	I/R	NA	NA	NA	NA	NA	NA	I/R
1352.10389	S	NA	NA	NA	NA	NA	NA	S
1352.10355	I/R	NA	NA	NA	NA	NA	NA	S
1352.10354	I/R	NA	NA	NA	NA	NA	NA	S
1352.10353	I/R	NA	NA	NA	NA	NA	NA	I/R
1352.10352	I/R	NA	NA	NA	NA	NA	NA	I/R
1352.10351	I/R	NA	NA	NA	NA	NA	NA	I/R
1352.1035	I/R	NA	NA	NA	NA	NA	NA	I/R
1352.10349	I/R	NA	NA	NA	NA	NA	NA	S
1352.10348	I/R	NA	NA	NA	NA	NA	NA	S
1352.10347	I/R	NA	NA	NA	NA	NA	NA	S
1352.10346	I/R	NA	NA	NA	NA	NA	NA	I/R
1352.10345	I/R	NA	NA	NA	NA	NA	NA	I/R
1352.10344	I/R	NA	NA	NA	NA	NA	NA	I/R
1352.10343	I/R	NA	NA	NA	NA	NA	NA	S
1352.10342	I/R	NA	NA	NA	NA	NA	NA	S
1352.10341	S	NA	NA	NA	NA	NA	NA	S
1352.1034	I/R	NA	NA	NA	NA	NA	NA	I/R
1352.10339	I/R	NA	NA	NA	NA	NA	NA	I/R
1352.10338	I/R	NA	NA	NA	NA	NA	NA	I/R
1352.10337	I/R	NA	NA	NA	NA	NA	NA	I/R
1352.10336	S	NA	NA	NA	NA	NA	NA	S
1352.10335	S	NA	NA	NA	NA	NA	NA	S
1352.10334	I/R	NA	NA	NA	NA	NA	NA	S
1352.10333	I/R	NA	NA	NA	NA	NA	NA	S
1352.10332	I/R	NA	NA	NA	NA	NA	NA	I/R
1352.10331	I/R	NA	NA	NA	NA	NA	NA	I/R
1352.1033	I/R	NA	NA	NA	NA	NA	NA	I/R
1352.10329	I/R	NA	NA	NA	NA	NA	NA	I/R
1352.10328	I/R	NA	NA	NA	NA	NA	NA	I/R
1352.10327	I/R	NA	NA	NA	NA	NA	NA	I/R
1352.10356	I/R	NA	NA	NA	NA	NA	NA	S
1352.10357	I/R	NA	NA	NA	NA	NA	NA	S
1352.10358	I/R	NA	NA	NA	NA	NA	NA	S
1352.10359	I/R	NA	NA	NA	NA	NA	NA	S
1352.10388	I/R	NA	NA	NA	NA	NA	NA	S
1352.10387	I/R	NA	NA	NA	NA	NA	NA	S
1352.10385	I/R	NA	NA	NA	NA	NA	NA	I/R
1352.10384	I/R	NA	NA	NA	NA	NA	NA	I/R
1352.10383	I/R	NA	NA	NA	NA	NA	NA	I/R
1352.10382	I/R	NA	NA	NA	NA	NA	NA	I/R
1352.10381	I/R	NA	NA	NA	NA	NA	NA	I/R
1352.1038	I/R	NA	NA	NA	NA	NA	NA	S
1352.10378	S	NA	NA	NA	NA	NA	NA	S
1352.10377	I/R	NA	NA	NA	NA	NA	NA	S
1352.10456	S	NA	NA	NA	NA	NA	NA	S
1352.10376	S	NA	NA	NA	NA	NA	NA	S
1352.10375	I/R	NA	NA	NA	NA	NA	NA	S
1352.10374	I/R	NA	NA	NA	NA	NA	NA	S
1352.10325	I/R	NA	NA	NA	NA	NA	NA	S
1352.10372	I/R	NA	NA	NA	NA	NA	NA	I/R
1352.10457	S	NA	NA	NA	NA	NA	NA	S
1352.10458	I/R	NA	NA	NA	NA	NA	NA	I/R
1352.10459	S	NA	NA	NA	NA	NA	NA	S
1352.1046	I/R	NA	NA	NA	NA	NA	NA	I/R
1352.10369	I/R	NA	NA	NA	NA	NA	NA	I/R
1352.10368	I/R	NA	NA	NA	NA	NA	NA	I/R
1352.10367	I/R	NA	NA	NA	NA	NA	NA	I/R
1352.10366	I/R	NA	NA	NA	NA	NA	NA	I/R
1352.10365	I/R	NA	NA	NA	NA	NA	NA	I/R
1352.10364	I/R	NA	NA	NA	NA	NA	NA	I/R
1352.10363	I/R	NA	NA	NA	NA	NA	NA	I/R
1352.10362	I/R	NA	NA	NA	NA	NA	NA	S
1352.10361	I/R	NA	NA	NA	NA	NA	NA	S
1352.1036	S	NA	NA	NA	NA	NA	NA	S
1352.1037	I/R	NA	NA	NA	NA	NA	NA	I/R
1352.10182	I/R	NA	NA	NA	NA	NA	NA	S
1352.9904	I/R	NA	NA	NA	NA	NA	NA	I/R
1352.1018	S	NA	NA	NA	NA	NA	NA	S
1352.10009	I/R	NA	NA	NA	NA	NA	NA	I/R
1352.10008	I/R	NA	NA	NA	NA	NA	NA	I/R
1352.10007	I/R	NA	NA	NA	NA	NA	NA	S
1352.10006	I/R	NA	NA	NA	NA	NA	NA	I/R
1352.10005	I/R	NA	NA	NA	NA	NA	NA	S
1352.10004	I/R	NA	NA	NA	NA	NA	NA	S
1352.10003	I/R	NA	NA	NA	NA	NA	NA	S
1352.10002	I/R	NA	NA	NA	NA	NA	NA	S
1352.1	I/R	NA	NA	NA	NA	NA	NA	S
1352.9905	I/R	NA	NA	NA	NA	NA	NA	S
1352.9906	I/R	NA	NA	NA	NA	NA	NA	S
1352.9907	I/R	NA	NA	NA	NA	NA	NA	S
1352.9908	I/R	NA	NA	NA	NA	NA	NA	S
1352.9909	I/R	NA	NA	NA	NA	NA	NA	I/R
1352.991	I/R	NA	NA	NA	NA	NA	NA	I/R
1352.9911	I/R	NA	NA	NA	NA	NA	NA	I/R
1352.9912	I/R	NA	NA	NA	NA	NA	NA	S
1352.9913	I/R	NA	NA	NA	NA	NA	NA	I/R
1352.9914	I/R	NA	NA	NA	NA	NA	NA	S
1352.9915	I/R	NA	NA	NA	NA	NA	NA	S
1352.9916	I/R	NA	NA	NA	NA	NA	NA	S
1352.9918	I/R	NA	NA	NA	NA	NA	NA	I/R
1352.9919	I/R	NA	NA	NA	NA	NA	NA	S
1352.9921	I/R	NA	NA	NA	NA	NA	NA	I/R
1352.9922	I/R	NA	NA	NA	NA	NA	NA	S
1352.9923	I/R	NA	NA	NA	NA	NA	NA	S
1352.9925	I/R	NA	NA	NA	NA	NA	NA	S
1352.9926	I/R	NA	NA	NA	NA	NA	NA	S
1352.9927	I/R	NA	NA	NA	NA	NA	NA	I/R
1352.1001	I/R	NA	NA	NA	NA	NA	NA	S
1352.9928	I/R	NA	NA	NA	NA	NA	NA	I/R
1352.10011	I/R	NA	NA	NA	NA	NA	NA	S
1352.10013	I/R	NA	NA	NA	NA	NA	NA	I/R
1352.10044	I/R	NA	NA	NA	NA	NA	NA	S
1352.10043	I/R	NA	NA	NA	NA	NA	NA	S
1352.10042	I/R	NA	NA	NA	NA	NA	NA	S
1352.1004	I/R	NA	NA	NA	NA	NA	NA	I/R
1352.10039	I/R	NA	NA	NA	NA	NA	NA	S
1352.10038	I/R	NA	NA	NA	NA	NA	NA	I/R
1352.10037	I/R	NA	NA	NA	NA	NA	NA	I/R
1352.10036	I/R	NA	NA	NA	NA	NA	NA	I/R
1352.10035	I/R	NA	NA	NA	NA	NA	NA	S
1352.10034	I/R	NA	NA	NA	NA	NA	NA	I/R
1352.10033	I/R	NA	NA	NA	NA	NA	NA	I/R
1352.10032	I/R	NA	NA	NA	NA	NA	NA	S
1352.10031	S	NA	NA	NA	NA	NA	NA	S
1352.1003	I/R	NA	NA	NA	NA	NA	NA	S
1352.10029	I/R	NA	NA	NA	NA	NA	NA	I/R
1352.10028	I/R	NA	NA	NA	NA	NA	NA	S
1352.10027	I/R	NA	NA	NA	NA	NA	NA	I/R
1352.10026	I/R	NA	NA	NA	NA	NA	NA	I/R
1352.10025	I/R	NA	NA	NA	NA	NA	NA	S
1352.10024	S	NA	NA	NA	NA	NA	NA	S
1352.10023	I/R	NA	NA	NA	NA	NA	NA	S
1352.10022	I/R	NA	NA	NA	NA	NA	NA	S
1352.1002	I/R	NA	NA	NA	NA	NA	NA	I/R
1352.10019	I/R	NA	NA	NA	NA	NA	NA	I/R
1352.10018	I/R	NA	NA	NA	NA	NA	NA	I/R
1352.10017	I/R	NA	NA	NA	NA	NA	NA	S
1352.10016	I/R	NA	NA	NA	NA	NA	NA	S
1352.10015	I/R	NA	NA	NA	NA	NA	NA	S
1352.10014	I/R	NA	NA	NA	NA	NA	NA	I/R
1352.10012	I/R	NA	NA	NA	NA	NA	NA	I/R
1352.9929	I/R	NA	NA	NA	NA	NA	NA	I/R
1352.993	I/R	NA	NA	NA	NA	NA	NA	I/R
1352.9931	I/R	NA	NA	NA	NA	NA	NA	I/R
1352.9903	I/R	NA	NA	NA	NA	NA	NA	I/R
1352.9999	I/R	NA	NA	NA	NA	NA	NA	I/R
1352.9998	I/R	NA	NA	NA	NA	NA	NA	I/R
1352.9997	I/R	NA	NA	NA	NA	NA	NA	S
1352.9996	I/R	NA	NA	NA	NA	NA	NA	I/R
1352.9995	I/R	NA	NA	NA	NA	NA	NA	I/R
1352.9994	I/R	NA	NA	NA	NA	NA	NA	S
1352.9993	I/R	NA	NA	NA	NA	NA	NA	S
1352.9991	I/R	NA	NA	NA	NA	NA	NA	I/R
1352.999	I/R	NA	NA	NA	NA	NA	NA	I/R
1352.9989	I/R	NA	NA	NA	NA	NA	NA	S
1352.9988	I/R	NA	NA	NA	NA	NA	NA	S
1352.9987	I/R	NA	NA	NA	NA	NA	NA	I/R
1352.9986	I/R	NA	NA	NA	NA	NA	NA	S
1352.9985	I/R	NA	NA	NA	NA	NA	NA	I/R
1352.9984	I/R	NA	NA	NA	NA	NA	NA	S
1352.9983	I/R	NA	NA	NA	NA	NA	NA	S
1352.9982	I/R	NA	NA	NA	NA	NA	NA	S
1352.9981	I/R	NA	NA	NA	NA	NA	NA	S
1352.9979	I/R	NA	NA	NA	NA	NA	NA	S
1352.9978	I/R	NA	NA	NA	NA	NA	NA	S
1352.9977	I/R	NA	NA	NA	NA	NA	NA	S
1352.9976	I/R	NA	NA	NA	NA	NA	NA	S
1352.9975	I/R	NA	NA	NA	NA	NA	NA	S
1352.9974	I/R	NA	NA	NA	NA	NA	NA	I/R
1352.9973	I/R	NA	NA	NA	NA	NA	NA	S
1352.9971	I/R	NA	NA	NA	NA	NA	NA	I/R
1352.997	I/R	NA	NA	NA	NA	NA	NA	S
1352.9968	I/R	NA	NA	NA	NA	NA	NA	I/R
1352.10461	I/R	NA	NA	NA	NA	NA	NA	I/R
1352.9967	I/R	NA	NA	NA	NA	NA	NA	I/R
1352.9966	I/R	NA	NA	NA	NA	NA	NA	I/R
1352.9963	I/R	NA	NA	NA	NA	NA	NA	I/R
1352.9932	I/R	NA	NA	NA	NA	NA	NA	S
1352.9933	I/R	NA	NA	NA	NA	NA	NA	I/R
1352.9934	I/R	NA	NA	NA	NA	NA	NA	I/R
1352.9936	I/R	NA	NA	NA	NA	NA	NA	I/R
1352.9937	I/R	NA	NA	NA	NA	NA	NA	S
1352.9938	I/R	NA	NA	NA	NA	NA	NA	I/R
1352.9939	I/R	NA	NA	NA	NA	NA	NA	I/R
1352.994	I/R	NA	NA	NA	NA	NA	NA	I/R
1352.9941	I/R	NA	NA	NA	NA	NA	NA	S
1352.9942	I/R	NA	NA	NA	NA	NA	NA	I/R
1352.9943	I/R	NA	NA	NA	NA	NA	NA	S
1352.9944	I/R	NA	NA	NA	NA	NA	NA	I/R
1352.9945	I/R	NA	NA	NA	NA	NA	NA	I/R
1352.9946	I/R	NA	NA	NA	NA	NA	NA	I/R
1352.10045	I/R	NA	NA	NA	NA	NA	NA	I/R
1352.9947	I/R	NA	NA	NA	NA	NA	NA	I/R
1352.9949	I/R	NA	NA	NA	NA	NA	NA	S
1352.995	S	NA	NA	NA	NA	NA	NA	S
1352.9951	I/R	NA	NA	NA	NA	NA	NA	S
1352.9952	I/R	NA	NA	NA	NA	NA	NA	S
1352.9953	I/R	NA	NA	NA	NA	NA	NA	S
1352.9954	I/R	NA	NA	NA	NA	NA	NA	I/R
1352.9955	I/R	NA	NA	NA	NA	NA	NA	S
1352.9956	I/R	NA	NA	NA	NA	NA	NA	S
1352.9957	I/R	NA	NA	NA	NA	NA	NA	S
1352.9958	I/R	NA	NA	NA	NA	NA	NA	S
1352.9959	I/R	NA	NA	NA	NA	NA	NA	I/R
1352.996	I/R	NA	NA	NA	NA	NA	NA	S
1352.9961	I/R	NA	NA	NA	NA	NA	NA	I/R
1352.9962	I/R	NA	NA	NA	NA	NA	NA	I/R
1352.9948	I/R	NA	NA	NA	NA	NA	NA	I/R
1352.10181	I/R	NA	NA	NA	NA	NA	NA	S
1352.10046	I/R	NA	NA	NA	NA	NA	NA	S
1352.10048	I/R	NA	NA	NA	NA	NA	NA	I/R
1352.10146	I/R	NA	NA	NA	NA	NA	NA	S
1352.1014500000001	I/R	NA	NA	NA	NA	NA	NA	S
1352.10144	I/R	NA	NA	NA	NA	NA	NA	S
1352.10143	I/R	NA	NA	NA	NA	NA	NA	S
1352.10142	S	NA	NA	NA	NA	NA	NA	S
1352.10141	I/R	NA	NA	NA	NA	NA	NA	S
1352.1014	I/R	NA	NA	NA	NA	NA	NA	S
1352.10139	S	NA	NA	NA	NA	NA	NA	S
1352.10138	S	NA	NA	NA	NA	NA	NA	S
1352.10137	S	NA	NA	NA	NA	NA	NA	S
1352.1013600000001	S	NA	NA	NA	NA	NA	NA	S
1352.10135	S	NA	NA	NA	NA	NA	NA	S
1352.10134	I/R	NA	NA	NA	NA	NA	NA	S
1352.10133	I/R	NA	NA	NA	NA	NA	NA	S
1352.10132	S	NA	NA	NA	NA	NA	NA	S
1352.10131	S	NA	NA	NA	NA	NA	NA	S
1352.1013	I/R	NA	NA	NA	NA	NA	NA	S
1352.10129	S	NA	NA	NA	NA	NA	NA	S
1352.10128	S	NA	NA	NA	NA	NA	NA	S
1352.1012700000001	S	NA	NA	NA	NA	NA	NA	S
1352.10126	S	NA	NA	NA	NA	NA	NA	S
1352.10125	S	NA	NA	NA	NA	NA	NA	S
1352.10124	I/R	NA	NA	NA	NA	NA	NA	S
1352.10123	S	NA	NA	NA	NA	NA	NA	S
1352.10122	I/R	NA	NA	NA	NA	NA	NA	I/R
1352.10121	S	NA	NA	NA	NA	NA	NA	S
1352.1012	I/R	NA	NA	NA	NA	NA	NA	I/R
1352.10119	S	NA	NA	NA	NA	NA	NA	S
1352.10118	S	NA	NA	NA	NA	NA	NA	S
1352.10147	I/R	NA	NA	NA	NA	NA	NA	S
1352.10117	S	NA	NA	NA	NA	NA	NA	S
1352.10148	S	NA	NA	NA	NA	NA	NA	S
1352.1015	I/R	NA	NA	NA	NA	NA	NA	S
1352.10179	S	NA	NA	NA	NA	NA	NA	S
1352.10178	I/R	NA	NA	NA	NA	NA	NA	S
1352.10177	I/R	NA	NA	NA	NA	NA	NA	S
1352.10176	I/R	NA	NA	NA	NA	NA	NA	S
1352.10175	I/R	NA	NA	NA	NA	NA	NA	S
1352.10174	I/R	NA	NA	NA	NA	NA	NA	S
1352.10173	I/R	NA	NA	NA	NA	NA	NA	S
1352.10172	S	NA	NA	NA	NA	NA	NA	S
1352.10171	I/R	NA	NA	NA	NA	NA	NA	S
1352.1017	I/R	NA	NA	NA	NA	NA	NA	S
1352.10169	I/R	NA	NA	NA	NA	NA	NA	S
1352.10168	I/R	NA	NA	NA	NA	NA	NA	S
1352.10167	S	NA	NA	NA	NA	NA	NA	S
1352.10166	I/R	NA	NA	NA	NA	NA	NA	S
1352.10165	I/R	NA	NA	NA	NA	NA	NA	S
1352.10164	I/R	NA	NA	NA	NA	NA	NA	S
1352.1016299999999	I/R	NA	NA	NA	NA	NA	NA	S
1352.10162	S	NA	NA	NA	NA	NA	NA	S
1352.10161	S	NA	NA	NA	NA	NA	NA	S
1352.1016	I/R	NA	NA	NA	NA	NA	NA	S
1352.10159	S	NA	NA	NA	NA	NA	NA	S
1352.10158	S	NA	NA	NA	NA	NA	NA	S
1352.10157	S	NA	NA	NA	NA	NA	NA	S
1352.10156	S	NA	NA	NA	NA	NA	NA	S
1352.10155	S	NA	NA	NA	NA	NA	NA	S
1352.1015400000001	S	NA	NA	NA	NA	NA	NA	S
1352.10153	I/R	NA	NA	NA	NA	NA	NA	S
1352.10152	S	NA	NA	NA	NA	NA	NA	S
1352.10151	S	NA	NA	NA	NA	NA	NA	S
1352.10149	I/R	NA	NA	NA	NA	NA	NA	S
1352.10116	S	NA	NA	NA	NA	NA	NA	S
1352.10115	I/R	NA	NA	NA	NA	NA	NA	I/R
1352.10114	S	NA	NA	NA	NA	NA	NA	S
1352.10079	I/R	NA	NA	NA	NA	NA	NA	S
1352.10078	S	NA	NA	NA	NA	NA	NA	S
1352.10077	I/R	NA	NA	NA	NA	NA	NA	I/R
1352.10076	I/R	NA	NA	NA	NA	NA	NA	S
1352.10074	I/R	NA	NA	NA	NA	NA	NA	I/R
1352.10073	I/R	NA	NA	NA	NA	NA	NA	I/R
1352.10072	I/R	NA	NA	NA	NA	NA	NA	I/R
1352.1007	I/R	NA	NA	NA	NA	NA	NA	I/R
1352.10069	I/R	NA	NA	NA	NA	NA	NA	I/R
1352.10068	I/R	NA	NA	NA	NA	NA	NA	I/R
1352.10067	I/R	NA	NA	NA	NA	NA	NA	S
1352.10066	I/R	NA	NA	NA	NA	NA	NA	S
1352.10065	I/R	NA	NA	NA	NA	NA	NA	I/R
1352.10064	I/R	NA	NA	NA	NA	NA	NA	I/R
1352.10063	I/R	NA	NA	NA	NA	NA	NA	S
1352.10062	I/R	NA	NA	NA	NA	NA	NA	I/R
1352.10061	I/R	NA	NA	NA	NA	NA	NA	S
1352.1006	I/R	NA	NA	NA	NA	NA	NA	I/R
1352.10059	I/R	NA	NA	NA	NA	NA	NA	S
1352.10058	I/R	NA	NA	NA	NA	NA	NA	S
1352.10057	I/R	NA	NA	NA	NA	NA	NA	I/R
1352.10056	I/R	NA	NA	NA	NA	NA	NA	S
1352.10055	I/R	NA	NA	NA	NA	NA	NA	S
1352.10054	S	NA	NA	NA	NA	NA	NA	S
1352.10053	I/R	NA	NA	NA	NA	NA	NA	I/R
1352.10052	I/R	NA	NA	NA	NA	NA	NA	I/R
1352.10051	I/R	NA	NA	NA	NA	NA	NA	S
1352.1005	I/R	NA	NA	NA	NA	NA	NA	S
1352.10049	I/R	NA	NA	NA	NA	NA	NA	I/R
1352.1008	I/R	NA	NA	NA	NA	NA	NA	I/R
1352.10081	I/R	NA	NA	NA	NA	NA	NA	I/R
1352.10082	I/R	NA	NA	NA	NA	NA	NA	S
1352.10083	I/R	NA	NA	NA	NA	NA	NA	S
1352.10113	I/R	NA	NA	NA	NA	NA	NA	I/R
1352.10112	I/R	NA	NA	NA	NA	NA	NA	I/R
1352.10111	I/R	NA	NA	NA	NA	NA	NA	S
1352.1011	I/R	NA	NA	NA	NA	NA	NA	S
1352.10109	I/R	NA	NA	NA	NA	NA	NA	I/R
1352.10108	I/R	NA	NA	NA	NA	NA	NA	I/R
1352.10107	I/R	NA	NA	NA	NA	NA	NA	S
1352.10106	I/R	NA	NA	NA	NA	NA	NA	S
1352.10105	I/R	NA	NA	NA	NA	NA	NA	I/R
1352.10104	I/R	NA	NA	NA	NA	NA	NA	I/R
1352.10103	I/R	NA	NA	NA	NA	NA	NA	I/R
1352.10102	I/R	NA	NA	NA	NA	NA	NA	I/R
1352.10101	I/R	NA	NA	NA	NA	NA	NA	S
1352.101	I/R	NA	NA	NA	NA	NA	NA	S
1352.10047	I/R	NA	NA	NA	NA	NA	NA	I/R
1352.10099	I/R	NA	NA	NA	NA	NA	NA	I/R
1352.10097	I/R	NA	NA	NA	NA	NA	NA	S
1352.10096	I/R	NA	NA	NA	NA	NA	NA	I/R
1352.10095	I/R	NA	NA	NA	NA	NA	NA	S
1352.10094	I/R	NA	NA	NA	NA	NA	NA	I/R
1352.10093	I/R	NA	NA	NA	NA	NA	NA	S
1352.10092	I/R	NA	NA	NA	NA	NA	NA	I/R
1352.10091	I/R	NA	NA	NA	NA	NA	NA	I/R
1352.1009	I/R	NA	NA	NA	NA	NA	NA	S
1352.10089	I/R	NA	NA	NA	NA	NA	NA	S
1352.10088	I/R	NA	NA	NA	NA	NA	NA	S
1352.10087	I/R	NA	NA	NA	NA	NA	NA	S
1352.10086	I/R	NA	NA	NA	NA	NA	NA	S
1352.10085	I/R	NA	NA	NA	NA	NA	NA	I/R
1352.10084	I/R	NA	NA	NA	NA	NA	NA	S
1352.10098	S	NA	NA	NA	NA	NA	NA	S
1352.10462	I/R	NA	NA	NA	NA	NA	NA	I/R
1352.9965	I/R	NA	NA	NA	NA	NA	NA	S
1352.10464	S	NA	NA	NA	NA	NA	NA	S
1352.9532	I/R	NA	NA	NA	NA	NA	NA	I/R
1352.9533	I/R	NA	NA	NA	NA	NA	NA	I/R
1352.9534	I/R	NA	NA	NA	NA	NA	NA	I/R
1352.9535	I/R	NA	NA	NA	NA	NA	NA	I/R
1352.9536	I/R	NA	NA	NA	NA	NA	NA	I/R
1352.9537	I/R	NA	NA	NA	NA	NA	NA	I/R
1352.9538	I/R	NA	NA	NA	NA	NA	NA	I/R
1352.9539	I/R	NA	NA	NA	NA	NA	NA	I/R
1352.954	I/R	NA	NA	NA	NA	NA	NA	I/R
1352.9541	I/R	NA	NA	NA	NA	NA	NA	S
1352.9542	I/R	NA	NA	NA	NA	NA	NA	S
1352.9543	I/R	NA	NA	NA	NA	NA	NA	I/R
1352.9544	I/R	NA	NA	NA	NA	NA	NA	I/R
1352.9545	I/R	NA	NA	NA	NA	NA	NA	S
1352.9546	I/R	NA	NA	NA	NA	NA	NA	I/R
1352.9547	I/R	NA	NA	NA	NA	NA	NA	I/R
1352.9548	I/R	NA	NA	NA	NA	NA	NA	S
1352.9549	I/R	NA	NA	NA	NA	NA	NA	I/R
1352.955	I/R	NA	NA	NA	NA	NA	NA	I/R
1352.9551	I/R	NA	NA	NA	NA	NA	NA	S
1352.9552	I/R	NA	NA	NA	NA	NA	NA	I/R
1352.9553	I/R	NA	NA	NA	NA	NA	NA	I/R
1352.9554	I/R	NA	NA	NA	NA	NA	NA	S
1352.9555	I/R	NA	NA	NA	NA	NA	NA	I/R
1352.9556	I/R	NA	NA	NA	NA	NA	NA	I/R
1352.9557	I/R	NA	NA	NA	NA	NA	NA	S
1352.9558	I/R	NA	NA	NA	NA	NA	NA	S
1352.9531	I/R	NA	NA	NA	NA	NA	NA	I/R
1352.9559	I/R	NA	NA	NA	NA	NA	NA	I/R
1352.953	I/R	NA	NA	NA	NA	NA	NA	I/R
1352.9527	I/R	NA	NA	NA	NA	NA	NA	S
1352.95	I/R	NA	NA	NA	NA	NA	NA	S
1352.9501	I/R	NA	NA	NA	NA	NA	NA	I/R
1352.9502	I/R	NA	NA	NA	NA	NA	NA	I/R
1352.9503	I/R	NA	NA	NA	NA	NA	NA	I/R
1352.9504	I/R	NA	NA	NA	NA	NA	NA	I/R
1352.9505	I/R	NA	NA	NA	NA	NA	NA	I/R
1352.9506	I/R	NA	NA	NA	NA	NA	NA	I/R
1352.9507	I/R	NA	NA	NA	NA	NA	NA	I/R
1352.9508	I/R	NA	NA	NA	NA	NA	NA	I/R
1352.9509	I/R	NA	NA	NA	NA	NA	NA	I/R
1352.951	I/R	NA	NA	NA	NA	NA	NA	I/R
1352.9511	I/R	NA	NA	NA	NA	NA	NA	I/R
1352.9512	I/R	NA	NA	NA	NA	NA	NA	I/R
1352.9513	I/R	NA	NA	NA	NA	NA	NA	I/R
1352.9514	I/R	NA	NA	NA	NA	NA	NA	S
1352.9515	I/R	NA	NA	NA	NA	NA	NA	I/R
1352.9516	I/R	NA	NA	NA	NA	NA	NA	I/R
1352.9517	I/R	NA	NA	NA	NA	NA	NA	I/R
1352.9518	I/R	NA	NA	NA	NA	NA	NA	I/R
1352.9519	I/R	NA	NA	NA	NA	NA	NA	I/R
1352.952	I/R	NA	NA	NA	NA	NA	NA	I/R
1352.9521	S	NA	NA	NA	NA	NA	NA	S
1352.9522	I/R	NA	NA	NA	NA	NA	NA	I/R
1352.9523	I/R	NA	NA	NA	NA	NA	NA	I/R
1352.9524	I/R	NA	NA	NA	NA	NA	NA	S
1352.9525	I/R	NA	NA	NA	NA	NA	NA	I/R
1352.9526	I/R	NA	NA	NA	NA	NA	NA	I/R
1352.9528	I/R	NA	NA	NA	NA	NA	NA	I/R
1352.956	I/R	NA	NA	NA	NA	NA	NA	S
1352.9561	I/R	NA	NA	NA	NA	NA	NA	I/R
1352.9562	I/R	NA	NA	NA	NA	NA	NA	S
1352.9595	I/R	NA	NA	NA	NA	NA	NA	S
1352.9596	I/R	NA	NA	NA	NA	NA	NA	I/R
1352.9597	I/R	NA	NA	NA	NA	NA	NA	I/R
1352.9598	I/R	NA	NA	NA	NA	NA	NA	I/R
1352.9599	I/R	NA	NA	NA	NA	NA	NA	I/R
1352.96	I/R	NA	NA	NA	NA	NA	NA	I/R
1352.9601	I/R	NA	NA	NA	NA	NA	NA	I/R
1352.9602	I/R	NA	NA	NA	NA	NA	NA	S
1352.9603	I/R	NA	NA	NA	NA	NA	NA	I/R
1352.9604	I/R	NA	NA	NA	NA	NA	NA	I/R
1352.9605	I/R	NA	NA	NA	NA	NA	NA	I/R
1352.9606	I/R	NA	NA	NA	NA	NA	NA	I/R
1352.9607	I/R	NA	NA	NA	NA	NA	NA	I/R
1352.9608	I/R	NA	NA	NA	NA	NA	NA	S
1352.9609	I/R	NA	NA	NA	NA	NA	NA	I/R
1352.961	I/R	NA	NA	NA	NA	NA	NA	I/R
1352.9611	I/R	NA	NA	NA	NA	NA	NA	S
1352.9612	I/R	NA	NA	NA	NA	NA	NA	I/R
1352.9613	I/R	NA	NA	NA	NA	NA	NA	I/R
1352.9614	I/R	NA	NA	NA	NA	NA	NA	S
1352.9615	I/R	NA	NA	NA	NA	NA	NA	I/R
1352.9616	I/R	NA	NA	NA	NA	NA	NA	S
1352.9617	I/R	NA	NA	NA	NA	NA	NA	S
1352.9618	I/R	NA	NA	NA	NA	NA	NA	I/R
1352.9619	I/R	NA	NA	NA	NA	NA	NA	S
1352.962	I/R	NA	NA	NA	NA	NA	NA	I/R
1352.9621	I/R	NA	NA	NA	NA	NA	NA	S
1352.9594	I/R	NA	NA	NA	NA	NA	NA	I/R
1352.9593	I/R	NA	NA	NA	NA	NA	NA	S
1352.9592	I/R	NA	NA	NA	NA	NA	NA	I/R
1352.9591	I/R	NA	NA	NA	NA	NA	NA	S
1352.9563	I/R	NA	NA	NA	NA	NA	NA	I/R
1352.9564	I/R	NA	NA	NA	NA	NA	NA	S
1352.9565	I/R	NA	NA	NA	NA	NA	NA	S
1352.9566	I/R	NA	NA	NA	NA	NA	NA	S
1352.9567	I/R	NA	NA	NA	NA	NA	NA	S
1352.9568	I/R	NA	NA	NA	NA	NA	NA	I/R
1352.9569	I/R	NA	NA	NA	NA	NA	NA	I/R
1352.957	I/R	NA	NA	NA	NA	NA	NA	S
1352.9571	I/R	NA	NA	NA	NA	NA	NA	I/R
1352.9572	I/R	NA	NA	NA	NA	NA	NA	S
1352.9573	I/R	NA	NA	NA	NA	NA	NA	S
1352.9574	S	NA	NA	NA	NA	NA	NA	S
1352.9575	I/R	NA	NA	NA	NA	NA	NA	I/R
1352.9499	I/R	NA	NA	NA	NA	NA	NA	S
1352.9576	I/R	NA	NA	NA	NA	NA	NA	I/R
1352.9578	I/R	NA	NA	NA	NA	NA	NA	I/R
1352.9579	I/R	NA	NA	NA	NA	NA	NA	I/R
1352.958	I/R	NA	NA	NA	NA	NA	NA	I/R
1352.9581	I/R	NA	NA	NA	NA	NA	NA	I/R
1352.9582	I/R	NA	NA	NA	NA	NA	NA	S
1352.9583	I/R	NA	NA	NA	NA	NA	NA	I/R
1352.9584	I/R	NA	NA	NA	NA	NA	NA	I/R
1352.9585	I/R	NA	NA	NA	NA	NA	NA	S
1352.9586	I/R	NA	NA	NA	NA	NA	NA	I/R
1352.9587	I/R	NA	NA	NA	NA	NA	NA	I/R
1352.9588	I/R	NA	NA	NA	NA	NA	NA	I/R
1352.9589	I/R	NA	NA	NA	NA	NA	NA	S
1352.959	I/R	NA	NA	NA	NA	NA	NA	I/R
1352.9577	I/R	NA	NA	NA	NA	NA	NA	S
1352.9498	I/R	NA	NA	NA	NA	NA	NA	I/R
1352.9497	I/R	NA	NA	NA	NA	NA	NA	I/R
1352.9496	I/R	NA	NA	NA	NA	NA	NA	S
1352.9399	I/R	NA	NA	NA	NA	NA	NA	I/R
1352.94	I/R	NA	NA	NA	NA	NA	NA	S
1352.9401	I/R	NA	NA	NA	NA	NA	NA	I/R
1352.9402	I/R	NA	NA	NA	NA	NA	NA	I/R
1352.9403	I/R	NA	NA	NA	NA	NA	NA	S
1352.9404	I/R	NA	NA	NA	NA	NA	NA	I/R
1352.9405	I/R	NA	NA	NA	NA	NA	NA	I/R
1352.9407	I/R	NA	NA	NA	NA	NA	NA	I/R
1352.9408	I/R	NA	NA	NA	NA	NA	NA	I/R
1352.9409	I/R	NA	NA	NA	NA	NA	NA	I/R
1352.941	S	NA	NA	NA	NA	NA	NA	S
1352.9411	I/R	NA	NA	NA	NA	NA	NA	I/R
1352.9412	I/R	NA	NA	NA	NA	NA	NA	I/R
1352.9413	I/R	NA	NA	NA	NA	NA	NA	I/R
1352.9414	I/R	NA	NA	NA	NA	NA	NA	I/R
1352.9415	I/R	NA	NA	NA	NA	NA	NA	I/R
1352.9416	I/R	NA	NA	NA	NA	NA	NA	I/R
1352.9417	I/R	NA	NA	NA	NA	NA	NA	S
1352.9418	I/R	NA	NA	NA	NA	NA	NA	S
1352.9419	I/R	NA	NA	NA	NA	NA	NA	S
1352.942	I/R	NA	NA	NA	NA	NA	NA	I/R
1352.9421	I/R	NA	NA	NA	NA	NA	NA	S
1352.9422	I/R	NA	NA	NA	NA	NA	NA	S
1352.9423	I/R	NA	NA	NA	NA	NA	NA	S
1352.9424	I/R	NA	NA	NA	NA	NA	NA	I/R
1352.9425	I/R	NA	NA	NA	NA	NA	NA	I/R
1352.9426	I/R	NA	NA	NA	NA	NA	NA	I/R
1352.9397	I/R	NA	NA	NA	NA	NA	NA	I/R
1352.9396	I/R	NA	NA	NA	NA	NA	NA	I/R
1352.9395	I/R	NA	NA	NA	NA	NA	NA	I/R
1352.9394	I/R	NA	NA	NA	NA	NA	NA	I/R
1352.9366	I/R	NA	NA	NA	NA	NA	NA	I/R
1352.9367	I/R	NA	NA	NA	NA	NA	NA	I/R
1352.9368	I/R	NA	NA	NA	NA	NA	NA	I/R
1352.9369	I/R	NA	NA	NA	NA	NA	NA	I/R
1352.937	I/R	NA	NA	NA	NA	NA	NA	I/R
1352.9371	I/R	NA	NA	NA	NA	NA	NA	I/R
1352.9372	I/R	NA	NA	NA	NA	NA	NA	I/R
1352.9373	I/R	NA	NA	NA	NA	NA	NA	I/R
1352.9374	I/R	NA	NA	NA	NA	NA	NA	I/R
1352.9375	I/R	NA	NA	NA	NA	NA	NA	I/R
1352.9376	I/R	NA	NA	NA	NA	NA	NA	S
1352.9377	I/R	NA	NA	NA	NA	NA	NA	I/R
1352.9378	I/R	NA	NA	NA	NA	NA	NA	S
1352.9427	I/R	NA	NA	NA	NA	NA	NA	I/R
1352.9379	I/R	NA	NA	NA	NA	NA	NA	I/R
1352.9381	I/R	NA	NA	NA	NA	NA	NA	I/R
1352.9382	I/R	NA	NA	NA	NA	NA	NA	S
1352.9383	I/R	NA	NA	NA	NA	NA	NA	S
1352.9385	I/R	NA	NA	NA	NA	NA	NA	S
1352.9386	I/R	NA	NA	NA	NA	NA	NA	I/R
1352.9387	I/R	NA	NA	NA	NA	NA	NA	S
1352.9388	I/R	NA	NA	NA	NA	NA	NA	I/R
1352.9389	I/R	NA	NA	NA	NA	NA	NA	I/R
1352.939	I/R	NA	NA	NA	NA	NA	NA	I/R
1352.9391	I/R	NA	NA	NA	NA	NA	NA	I/R
1352.9392	I/R	NA	NA	NA	NA	NA	NA	I/R
1352.9393	I/R	NA	NA	NA	NA	NA	NA	S
1352.938	I/R	NA	NA	NA	NA	NA	NA	I/R
1352.9622	I/R	NA	NA	NA	NA	NA	NA	S
1352.9428	I/R	NA	NA	NA	NA	NA	NA	I/R
1352.943	I/R	NA	NA	NA	NA	NA	NA	I/R
1352.9464	I/R	NA	NA	NA	NA	NA	NA	I/R
1352.9465	I/R	NA	NA	NA	NA	NA	NA	I/R
1352.9466	I/R	NA	NA	NA	NA	NA	NA	I/R
1352.9467	I/R	NA	NA	NA	NA	NA	NA	I/R
1352.9468	I/R	NA	NA	NA	NA	NA	NA	I/R
1352.947	I/R	NA	NA	NA	NA	NA	NA	I/R
1352.9471	I/R	NA	NA	NA	NA	NA	NA	I/R
1352.9472	I/R	NA	NA	NA	NA	NA	NA	I/R
1352.9473	I/R	NA	NA	NA	NA	NA	NA	I/R
1352.9474	I/R	NA	NA	NA	NA	NA	NA	S
1352.9475	I/R	NA	NA	NA	NA	NA	NA	S
1352.9476	I/R	NA	NA	NA	NA	NA	NA	S
1352.9477	I/R	NA	NA	NA	NA	NA	NA	S
1352.9478	I/R	NA	NA	NA	NA	NA	NA	S
1352.9479	I/R	NA	NA	NA	NA	NA	NA	S
1352.948	S	NA	NA	NA	NA	NA	NA	I/R
1352.9483	I/R	NA	NA	NA	NA	NA	NA	I/R
1352.9484	I/R	NA	NA	NA	NA	NA	NA	S
1352.9485	I/R	NA	NA	NA	NA	NA	NA	S
1352.9486	I/R	NA	NA	NA	NA	NA	NA	I/R
1352.9488	I/R	NA	NA	NA	NA	NA	NA	I/R
1352.9489	I/R	NA	NA	NA	NA	NA	NA	I/R
1352.949	I/R	NA	NA	NA	NA	NA	NA	I/R
1352.9492	I/R	NA	NA	NA	NA	NA	NA	I/R
1352.9493	I/R	NA	NA	NA	NA	NA	NA	I/R
1352.9494	I/R	NA	NA	NA	NA	NA	NA	I/R
1352.9495	I/R	NA	NA	NA	NA	NA	NA	I/R
1352.9463	I/R	NA	NA	NA	NA	NA	NA	I/R
1352.9462	I/R	NA	NA	NA	NA	NA	NA	I/R
1352.9461	I/R	NA	NA	NA	NA	NA	NA	I/R
1352.946	I/R	NA	NA	NA	NA	NA	NA	I/R
1352.9431	I/R	NA	NA	NA	NA	NA	NA	I/R
1352.9432	I/R	NA	NA	NA	NA	NA	NA	I/R
1352.9433	I/R	NA	NA	NA	NA	NA	NA	I/R
1352.9434	I/R	NA	NA	NA	NA	NA	NA	I/R
1352.9435	I/R	NA	NA	NA	NA	NA	NA	I/R
1352.9436	S	NA	NA	NA	NA	NA	NA	S
1352.9437	I/R	NA	NA	NA	NA	NA	NA	I/R
1352.9438	I/R	NA	NA	NA	NA	NA	NA	I/R
1352.9439	I/R	NA	NA	NA	NA	NA	NA	S
1352.944	I/R	NA	NA	NA	NA	NA	NA	S
1352.9441	I/R	NA	NA	NA	NA	NA	NA	I/R
1352.10463	I/R	NA	NA	NA	NA	NA	NA	I/R
1352.9443	I/R	NA	NA	NA	NA	NA	NA	S
1352.9429	I/R	NA	NA	NA	NA	NA	NA	I/R
1352.9444	I/R	NA	NA	NA	NA	NA	NA	I/R
1352.9446	I/R	NA	NA	NA	NA	NA	NA	I/R
1352.9447	I/R	NA	NA	NA	NA	NA	NA	I/R
1352.9448	I/R	NA	NA	NA	NA	NA	NA	I/R
1352.9449	S	NA	NA	NA	NA	NA	NA	S
1352.945	I/R	NA	NA	NA	NA	NA	NA	S
1352.9451	I/R	NA	NA	NA	NA	NA	NA	S
1352.9452000000001	I/R	NA	NA	NA	NA	NA	NA	S
1352.9453	I/R	NA	NA	NA	NA	NA	NA	S
1352.9454	I/R	NA	NA	NA	NA	NA	NA	I/R
1352.9455	I/R	NA	NA	NA	NA	NA	NA	S
1352.9456	I/R	NA	NA	NA	NA	NA	NA	I/R
1352.9457	I/R	NA	NA	NA	NA	NA	NA	S
1352.9458	I/R	NA	NA	NA	NA	NA	NA	S
1352.9445	I/R	NA	NA	NA	NA	NA	NA	I/R
1352.9365	I/R	NA	NA	NA	NA	NA	NA	S
1352.9623	I/R	NA	NA	NA	NA	NA	NA	S
1352.9625	I/R	NA	NA	NA	NA	NA	NA	I/R
1352.98	I/R	NA	NA	NA	NA	NA	NA	S
1352.9801	I/R	NA	NA	NA	NA	NA	NA	S
1352.9802	I/R	NA	NA	NA	NA	NA	NA	S
1352.9804	I/R	NA	NA	NA	NA	NA	NA	S
1352.9806	I/R	NA	NA	NA	NA	NA	NA	S
1352.9807	I/R	NA	NA	NA	NA	NA	NA	S
1352.9808	I/R	NA	NA	NA	NA	NA	NA	S
1352.9809	I/R	NA	NA	NA	NA	NA	NA	S
1352.981	I/R	NA	NA	NA	NA	NA	NA	I/R
1352.9811	I/R	NA	NA	NA	NA	NA	NA	S
1352.9812	I/R	NA	NA	NA	NA	NA	NA	S
1352.9813	I/R	NA	NA	NA	NA	NA	NA	S
1352.9815	I/R	NA	NA	NA	NA	NA	NA	S
1352.9816	I/R	NA	NA	NA	NA	NA	NA	S
1352.9817	I/R	NA	NA	NA	NA	NA	NA	S
1352.9818	I/R	NA	NA	NA	NA	NA	NA	I/R
1352.9819	I/R	NA	NA	NA	NA	NA	NA	I/R
1352.982	I/R	NA	NA	NA	NA	NA	NA	I/R
1352.9821	I/R	NA	NA	NA	NA	NA	NA	I/R
1352.9822	I/R	NA	NA	NA	NA	NA	NA	I/R
1352.9824	I/R	NA	NA	NA	NA	NA	NA	S
1352.9825	I/R	NA	NA	NA	NA	NA	NA	I/R
1352.9826	I/R	NA	NA	NA	NA	NA	NA	S
1352.9827	I/R	NA	NA	NA	NA	NA	NA	I/R
1352.9828	I/R	NA	NA	NA	NA	NA	NA	S
1352.9829	I/R	NA	NA	NA	NA	NA	NA	S
1352.983	I/R	NA	NA	NA	NA	NA	NA	S
1352.9799	I/R	NA	NA	NA	NA	NA	NA	I/R
1352.9831	I/R	NA	NA	NA	NA	NA	NA	I/R
1352.9798	I/R	NA	NA	NA	NA	NA	NA	I/R
1352.9795	I/R	NA	NA	NA	NA	NA	NA	I/R
1352.9763	I/R	NA	NA	NA	NA	NA	NA	I/R
1352.9764	I/R	NA	NA	NA	NA	NA	NA	I/R
1352.9766	I/R	NA	NA	NA	NA	NA	NA	I/R
1352.9767	I/R	NA	NA	NA	NA	NA	NA	S
1352.9768	I/R	NA	NA	NA	NA	NA	NA	I/R
1352.9769	I/R	NA	NA	NA	NA	NA	NA	S
1352.9772	I/R	NA	NA	NA	NA	NA	NA	S
1352.9773	I/R	NA	NA	NA	NA	NA	NA	S
1352.9774	I/R	NA	NA	NA	NA	NA	NA	I/R
1352.9775	S	NA	NA	NA	NA	NA	NA	S
1352.9776	I/R	NA	NA	NA	NA	NA	NA	I/R
1352.9777	I/R	NA	NA	NA	NA	NA	NA	S
1352.9778	I/R	NA	NA	NA	NA	NA	NA	S
1352.978	I/R	NA	NA	NA	NA	NA	NA	S
1352.9781	I/R	NA	NA	NA	NA	NA	NA	I/R
1352.9782	I/R	NA	NA	NA	NA	NA	NA	S
1352.9783	I/R	NA	NA	NA	NA	NA	NA	I/R
1352.9785	S	NA	NA	NA	NA	NA	NA	S
1352.9786	I/R	NA	NA	NA	NA	NA	NA	I/R
1352.9787	I/R	NA	NA	NA	NA	NA	NA	I/R
1352.9788	I/R	NA	NA	NA	NA	NA	NA	S
1352.9789	I/R	NA	NA	NA	NA	NA	NA	S
1352.979	I/R	NA	NA	NA	NA	NA	NA	S
1352.9791	I/R	NA	NA	NA	NA	NA	NA	I/R
1352.9792	I/R	NA	NA	NA	NA	NA	NA	S
1352.9793	I/R	NA	NA	NA	NA	NA	NA	S
1352.9794	I/R	NA	NA	NA	NA	NA	NA	I/R
1352.9797	I/R	NA	NA	NA	NA	NA	NA	I/R
1352.9832	I/R	NA	NA	NA	NA	NA	NA	S
1352.9833	I/R	NA	NA	NA	NA	NA	NA	I/R
1352.9834	I/R	NA	NA	NA	NA	NA	NA	S
1352.9871	I/R	NA	NA	NA	NA	NA	NA	S
1352.9872	I/R	NA	NA	NA	NA	NA	NA	S
1352.9873	I/R	NA	NA	NA	NA	NA	NA	S
1352.9875	I/R	NA	NA	NA	NA	NA	NA	S
1352.9876	I/R	NA	NA	NA	NA	NA	NA	I/R
1352.9877	I/R	NA	NA	NA	NA	NA	NA	S
1352.9878	I/R	NA	NA	NA	NA	NA	NA	I/R
1352.9879	I/R	NA	NA	NA	NA	NA	NA	S
1352.9881	I/R	NA	NA	NA	NA	NA	NA	S
1352.9882	I/R	NA	NA	NA	NA	NA	NA	I/R
1352.9883	I/R	NA	NA	NA	NA	NA	NA	S
1352.9884	I/R	NA	NA	NA	NA	NA	NA	I/R
1352.9885	I/R	NA	NA	NA	NA	NA	NA	I/R
1352.9886	I/R	NA	NA	NA	NA	NA	NA	S
1352.9887	I/R	NA	NA	NA	NA	NA	NA	S
1352.9889	I/R	NA	NA	NA	NA	NA	NA	S
1352.9892	S	NA	NA	NA	NA	NA	NA	S
1352.9893	I/R	NA	NA	NA	NA	NA	NA	I/R
1352.9894	I/R	NA	NA	NA	NA	NA	NA	S
1352.9895	I/R	NA	NA	NA	NA	NA	NA	I/R
1352.9896	I/R	NA	NA	NA	NA	NA	NA	S
1352.9897	I/R	NA	NA	NA	NA	NA	NA	I/R
1352.9898	I/R	NA	NA	NA	NA	NA	NA	I/R
1352.9899	S	NA	NA	NA	NA	NA	NA	S
1352.99	I/R	NA	NA	NA	NA	NA	NA	I/R
1352.9901	I/R	NA	NA	NA	NA	NA	NA	S
1352.9902	I/R	NA	NA	NA	NA	NA	NA	I/R
1352.987	I/R	NA	NA	NA	NA	NA	NA	I/R
1352.9869	I/R	NA	NA	NA	NA	NA	NA	I/R
1352.9868	I/R	NA	NA	NA	NA	NA	NA	S
1352.9867	I/R	NA	NA	NA	NA	NA	NA	I/R
1352.9835	I/R	NA	NA	NA	NA	NA	NA	S
1352.9836	I/R	NA	NA	NA	NA	NA	NA	S
1352.9837	I/R	NA	NA	NA	NA	NA	NA	I/R
1352.9838	I/R	NA	NA	NA	NA	NA	NA	I/R
1352.9839	I/R	NA	NA	NA	NA	NA	NA	I/R
1352.984	I/R	NA	NA	NA	NA	NA	NA	S
1352.9841	I/R	NA	NA	NA	NA	NA	NA	S
1352.9842	I/R	NA	NA	NA	NA	NA	NA	S
1352.9843	I/R	NA	NA	NA	NA	NA	NA	I/R
1352.9845	I/R	NA	NA	NA	NA	NA	NA	I/R
1352.9846	I/R	NA	NA	NA	NA	NA	NA	S
1352.9847	I/R	NA	NA	NA	NA	NA	NA	I/R
1352.9848	I/R	NA	NA	NA	NA	NA	NA	I/R
1352.9762	I/R	NA	NA	NA	NA	NA	NA	S
1352.985	I/R	NA	NA	NA	NA	NA	NA	I/R
1352.9852	I/R	NA	NA	NA	NA	NA	NA	S
1352.9854	I/R	NA	NA	NA	NA	NA	NA	I/R
1352.9855	I/R	NA	NA	NA	NA	NA	NA	I/R
1352.9856	S	NA	NA	NA	NA	NA	NA	S
1352.9857	I/R	NA	NA	NA	NA	NA	NA	I/R
1352.9858	I/R	NA	NA	NA	NA	NA	NA	I/R
1352.9859	I/R	NA	NA	NA	NA	NA	NA	I/R
1352.986	I/R	NA	NA	NA	NA	NA	NA	S
1352.9861	I/R	NA	NA	NA	NA	NA	NA	I/R
1352.9862	S	NA	NA	NA	NA	NA	NA	S
1352.9863	I/R	NA	NA	NA	NA	NA	NA	I/R
1352.9865	I/R	NA	NA	NA	NA	NA	NA	I/R
1352.9866	I/R	NA	NA	NA	NA	NA	NA	S
1352.9851	I/R	NA	NA	NA	NA	NA	NA	S
1352.9761	I/R	NA	NA	NA	NA	NA	NA	I/R
1352.976	I/R	NA	NA	NA	NA	NA	NA	S
1352.9759	I/R	NA	NA	NA	NA	NA	NA	S
1352.966	S	NA	NA	NA	NA	NA	NA	S
1352.9661	I/R	NA	NA	NA	NA	NA	NA	S
1352.9662	I/R	NA	NA	NA	NA	NA	NA	I/R
1352.9663	I/R	NA	NA	NA	NA	NA	NA	I/R
1352.9664	I/R	NA	NA	NA	NA	NA	NA	S
1352.9665	I/R	NA	NA	NA	NA	NA	NA	S
1352.9666	I/R	NA	NA	NA	NA	NA	NA	I/R
1352.9667	I/R	NA	NA	NA	NA	NA	NA	I/R
1352.9668	I/R	NA	NA	NA	NA	NA	NA	S
1352.967	I/R	NA	NA	NA	NA	NA	NA	I/R
1352.9671	I/R	NA	NA	NA	NA	NA	NA	S
1352.9672	I/R	NA	NA	NA	NA	NA	NA	S
1352.9673	I/R	NA	NA	NA	NA	NA	NA	S
1352.9674	I/R	NA	NA	NA	NA	NA	NA	S
1352.9675	I/R	NA	NA	NA	NA	NA	NA	I/R
1352.9676	I/R	NA	NA	NA	NA	NA	NA	I/R
1352.9678	I/R	NA	NA	NA	NA	NA	NA	S
1352.9679	I/R	NA	NA	NA	NA	NA	NA	I/R
1352.968	I/R	NA	NA	NA	NA	NA	NA	I/R
1352.9681	I/R	NA	NA	NA	NA	NA	NA	I/R
1352.9682	I/R	NA	NA	NA	NA	NA	NA	S
1352.9683	I/R	NA	NA	NA	NA	NA	NA	S
1352.9684	I/R	NA	NA	NA	NA	NA	NA	I/R
1352.9685	I/R	NA	NA	NA	NA	NA	NA	S
1352.9686	I/R	NA	NA	NA	NA	NA	NA	I/R
1352.9687	I/R	NA	NA	NA	NA	NA	NA	S
1352.9688	I/R	NA	NA	NA	NA	NA	NA	I/R
1352.9659	I/R	NA	NA	NA	NA	NA	NA	S
1352.9658	I/R	NA	NA	NA	NA	NA	NA	I/R
1352.9657	I/R	NA	NA	NA	NA	NA	NA	I/R
1352.9656	I/R	NA	NA	NA	NA	NA	NA	S
1352.9626	I/R	NA	NA	NA	NA	NA	NA	S
1352.9627	I/R	NA	NA	NA	NA	NA	NA	S
1352.9628	I/R	NA	NA	NA	NA	NA	NA	I/R
1352.9629	I/R	NA	NA	NA	NA	NA	NA	I/R
1352.963	I/R	NA	NA	NA	NA	NA	NA	I/R
1352.9631	I/R	NA	NA	NA	NA	NA	NA	I/R
1352.9632	I/R	NA	NA	NA	NA	NA	NA	S
1352.9633	I/R	NA	NA	NA	NA	NA	NA	I/R
1352.9634	I/R	NA	NA	NA	NA	NA	NA	S
1352.9635	I/R	NA	NA	NA	NA	NA	NA	I/R
1352.9636	I/R	NA	NA	NA	NA	NA	NA	S
1352.9638	I/R	NA	NA	NA	NA	NA	NA	I/R
1352.9639	S	NA	NA	NA	NA	NA	NA	S
1352.9689	I/R	NA	NA	NA	NA	NA	NA	I/R
1352.964	I/R	NA	NA	NA	NA	NA	NA	I/R
1352.9642	I/R	NA	NA	NA	NA	NA	NA	I/R
1352.9643	I/R	NA	NA	NA	NA	NA	NA	I/R
1352.9644	I/R	NA	NA	NA	NA	NA	NA	I/R
1352.9645	I/R	NA	NA	NA	NA	NA	NA	I/R
1352.9646	I/R	NA	NA	NA	NA	NA	NA	I/R
1352.9647	I/R	NA	NA	NA	NA	NA	NA	I/R
1352.9649	I/R	NA	NA	NA	NA	NA	NA	I/R
1352.965	I/R	NA	NA	NA	NA	NA	NA	I/R
1352.9651	I/R	NA	NA	NA	NA	NA	NA	I/R
1352.9652	I/R	NA	NA	NA	NA	NA	NA	I/R
1352.9653	I/R	NA	NA	NA	NA	NA	NA	S
1352.9654	S	NA	NA	NA	NA	NA	NA	I/R
1352.9655	I/R	NA	NA	NA	NA	NA	NA	S
1352.9641	I/R	NA	NA	NA	NA	NA	NA	S
1352.9624	I/R	NA	NA	NA	NA	NA	NA	S
1352.969	I/R	NA	NA	NA	NA	NA	NA	I/R
1352.9692	I/R	NA	NA	NA	NA	NA	NA	S
1352.9728	I/R	NA	NA	NA	NA	NA	NA	S
1352.9729	I/R	NA	NA	NA	NA	NA	NA	I/R
1352.973	I/R	NA	NA	NA	NA	NA	NA	I/R
1352.9731	I/R	NA	NA	NA	NA	NA	NA	S
1352.9732	I/R	NA	NA	NA	NA	NA	NA	I/R
1352.9734	I/R	NA	NA	NA	NA	NA	NA	I/R
1352.9735	I/R	NA	NA	NA	NA	NA	NA	I/R
1352.9736	I/R	NA	NA	NA	NA	NA	NA	S
1352.9737	I/R	NA	NA	NA	NA	NA	NA	I/R
1352.9739	I/R	NA	NA	NA	NA	NA	NA	S
1352.974	S	NA	NA	NA	NA	NA	NA	S
1352.9741	I/R	NA	NA	NA	NA	NA	NA	I/R
1352.9742	I/R	NA	NA	NA	NA	NA	NA	S
1352.9743	I/R	NA	NA	NA	NA	NA	NA	S
1352.9744	I/R	NA	NA	NA	NA	NA	NA	I/R
1352.9745	I/R	NA	NA	NA	NA	NA	NA	S
1352.9746	I/R	NA	NA	NA	NA	NA	NA	I/R
1352.9747	I/R	NA	NA	NA	NA	NA	NA	S
1352.9748	I/R	NA	NA	NA	NA	NA	NA	I/R
1352.975	I/R	NA	NA	NA	NA	NA	NA	I/R
1352.9751	I/R	NA	NA	NA	NA	NA	NA	S
1352.9752	I/R	NA	NA	NA	NA	NA	NA	I/R
1352.9753	I/R	NA	NA	NA	NA	NA	NA	S
1352.9755	I/R	NA	NA	NA	NA	NA	NA	I/R
1352.9756	I/R	NA	NA	NA	NA	NA	NA	S
1352.9757	I/R	NA	NA	NA	NA	NA	NA	I/R
1352.9758	I/R	NA	NA	NA	NA	NA	NA	S
1352.9727	I/R	NA	NA	NA	NA	NA	NA	I/R
1352.9726	I/R	NA	NA	NA	NA	NA	NA	I/R
1352.9725	I/R	NA	NA	NA	NA	NA	NA	S
1352.9724	I/R	NA	NA	NA	NA	NA	NA	I/R
1352.9693	I/R	NA	NA	NA	NA	NA	NA	S
1352.9694	I/R	NA	NA	NA	NA	NA	NA	S
1352.9695	I/R	NA	NA	NA	NA	NA	NA	S
1352.9696	I/R	NA	NA	NA	NA	NA	NA	S
1352.9697	I/R	NA	NA	NA	NA	NA	NA	I/R
1352.9698	I/R	NA	NA	NA	NA	NA	NA	S
1352.9699	I/R	NA	NA	NA	NA	NA	NA	I/R
1352.97	I/R	NA	NA	NA	NA	NA	NA	I/R
1352.9701	I/R	NA	NA	NA	NA	NA	NA	S
1352.9702	I/R	NA	NA	NA	NA	NA	NA	S
1352.9703	I/R	NA	NA	NA	NA	NA	NA	I/R
1352.9704	I/R	NA	NA	NA	NA	NA	NA	I/R
1352.9705	I/R	NA	NA	NA	NA	NA	NA	I/R
1352.9691	I/R	NA	NA	NA	NA	NA	NA	S
1352.9706	I/R	NA	NA	NA	NA	NA	NA	I/R
1352.9708	I/R	NA	NA	NA	NA	NA	NA	S
1352.9711	I/R	NA	NA	NA	NA	NA	NA	I/R
1352.9712	I/R	NA	NA	NA	NA	NA	NA	S
1352.9713	I/R	NA	NA	NA	NA	NA	NA	S
1352.9714	I/R	NA	NA	NA	NA	NA	NA	I/R
1352.9716	I/R	NA	NA	NA	NA	NA	NA	S
1352.9717	I/R	NA	NA	NA	NA	NA	NA	S
1352.9718	S	NA	NA	NA	NA	NA	NA	S
1352.9719	I/R	NA	NA	NA	NA	NA	NA	S
1352.972	I/R	NA	NA	NA	NA	NA	NA	S
1352.9721	I/R	NA	NA	NA	NA	NA	NA	S
1352.9722	I/R	NA	NA	NA	NA	NA	NA	S
1352.9723	I/R	NA	NA	NA	NA	NA	NA	I/R
1352.9707	I/R	NA	NA	NA	NA	NA	NA	S
1352.9364	I/R	NA	NA	NA	NA	NA	NA	I/R
1352.9442	I/R	NA	NA	NA	NA	NA	NA	I/R
1352.9362	I/R	NA	NA	NA	NA	NA	NA	S
1352.7857	NA	NA	NA	NA	NA	NA	NA	NA
1352.7856	NA	NA	NA	NA	NA	NA	NA	NA
1352.7855	NA	NA	NA	NA	NA	NA	NA	NA
1352.7854	NA	NA	NA	NA	NA	NA	NA	NA
1352.7853	NA	NA	NA	NA	NA	NA	NA	NA
1352.7852	NA	NA	NA	NA	NA	NA	NA	NA
1352.7851	NA	NA	NA	NA	NA	NA	NA	NA
1352.785	NA	NA	NA	NA	NA	NA	NA	NA
1352.7849	NA	NA	NA	NA	NA	NA	NA	NA
1352.7848	NA	NA	NA	NA	NA	NA	NA	NA
1352.7847	NA	NA	NA	NA	NA	NA	NA	NA
1352.7846	NA	NA	NA	NA	NA	NA	NA	NA
1352.7858	NA	NA	NA	NA	NA	NA	NA	NA
1352.7845	NA	NA	NA	NA	NA	NA	NA	NA
1352.7843	NA	NA	NA	NA	NA	NA	NA	NA
1352.4398	NA	NA	NA	NA	NA	NA	NA	NA
1352.4247	NA	NA	NA	NA	NA	NA	NA	NA
1352.4244	NA	NA	NA	NA	NA	NA	NA	NA
1352.4241	NA	NA	NA	NA	NA	NA	NA	NA
1352.424	NA	NA	NA	NA	NA	NA	NA	NA
1352.4239	NA	NA	NA	NA	NA	NA	NA	NA
1352.4238	NA	NA	NA	NA	NA	NA	NA	NA
1352.4237	NA	NA	NA	NA	NA	NA	NA	NA
1352.4236	NA	NA	NA	NA	NA	NA	NA	NA
1352.4235	NA	NA	NA	NA	NA	NA	NA	NA
1352.4234	NA	NA	NA	NA	NA	NA	NA	NA
1352.7844	NA	NA	NA	NA	NA	NA	NA	NA
1352.4233	NA	NA	NA	NA	NA	NA	NA	NA
1352.7859	NA	NA	NA	NA	NA	NA	NA	NA
1352.7861	NA	NA	NA	NA	NA	NA	NA	NA
1352.7887	NA	NA	NA	NA	NA	NA	NA	NA
1352.7886	NA	NA	NA	NA	NA	NA	NA	NA
1352.7885	NA	NA	NA	NA	NA	NA	NA	NA
1352.7884	NA	NA	NA	NA	NA	NA	NA	NA
1352.7883	NA	NA	NA	NA	NA	NA	NA	NA
1352.7882	NA	NA	NA	NA	NA	NA	NA	NA
1352.7881	NA	NA	NA	NA	NA	NA	NA	NA
1352.788	NA	NA	NA	NA	NA	NA	NA	NA
1352.7879	NA	NA	NA	NA	NA	NA	NA	NA
1352.7878	NA	NA	NA	NA	NA	NA	NA	NA
1352.7877	NA	NA	NA	NA	NA	NA	NA	NA
1352.7876	NA	NA	NA	NA	NA	NA	NA	NA
1352.786	NA	NA	NA	NA	NA	NA	NA	NA
1352.7875	NA	NA	NA	NA	NA	NA	NA	NA
1352.7873	NA	NA	NA	NA	NA	NA	NA	NA
1352.7872	NA	NA	NA	NA	NA	NA	NA	NA
1352.7871	NA	NA	NA	NA	NA	NA	NA	NA
1352.787	NA	NA	NA	NA	NA	NA	NA	NA
1352.7869	NA	NA	NA	NA	NA	NA	NA	NA
1352.7868	NA	NA	NA	NA	NA	NA	NA	NA
1352.7867	NA	NA	NA	NA	NA	NA	NA	NA
1352.7866	NA	NA	NA	NA	NA	NA	NA	NA
1352.7865	NA	NA	NA	NA	NA	NA	NA	NA
1352.7864	NA	NA	NA	NA	NA	NA	NA	NA
1352.7863	NA	NA	NA	NA	NA	NA	NA	NA
1352.7862	NA	NA	NA	NA	NA	NA	NA	NA
1352.7874	NA	NA	NA	NA	NA	NA	NA	NA
1352.4232	NA	NA	NA	NA	NA	NA	NA	NA
1352.4231	NA	NA	NA	NA	NA	NA	NA	NA
1352.423	NA	NA	NA	NA	NA	NA	NA	NA
1352.1941	I/R	S	S	I/R	S	I/R	S	I/R
1352.194	I/R	S	S	S	I/R	I/R	S	I/R
1352.1932	I/R	S	S	S	S	I/R	S	I/R
1352.1929	I/R	S	S	S	S	I/R	S	I/R
1352.1928	I/R	S	S	S	S	I/R	S	I/R
1352.1927	I/R	S	S	I/R	S	I/R	S	I/R
1352.1926	I/R	S	S	I/R	S	I/R	S	I/R
1352.1925	I/R	S	S	I/R	S	I/R	S	I/R
1352.1924	I/R	I/R	S	S	S	I/R	S	I/R
1352.1923	I/R	S	S	I/R	S	I/R	S	I/R
1352.1922	I/R	I/R	S	S	S	I/R	S	I/R
1352.1921	I/R	S	S	S	I/R	I/R	S	I/R
1352.4199	NA	NA	NA	NA	NA	NA	NA	NA
1352.192	I/R	S	S	S	I/R	S	S	S
1352.1917	I/R	S	S	S	S	I/R	S	I/R
1352.1916	I/R	S	S	S	S	I/R	S	I/R
1352.1915	I/R	S	S	S	S	I/R	S	I/R
1352.1914	I/R	S	S	S	S	I/R	S	I/R
1352.1913	I/R	S	S	S	S	I/R	S	I/R
1352.1912	I/R	S	S	S	S	I/R	S	I/R
1352.1911	I/R	I/R	S	I/R	I/R	I/R	S	I/R
1352.191	I/R	S	S	S	I/R	I/R	S	I/R
1352.1909	I/R	S	S	S	I/R	I/R	S	I/R
1352.1908	I/R	S	S	S	I/R	I/R	S	I/R
1352.1907	I/R	S	S	S	S	I/R	S	I/R
1352.1906	I/R	I/R	S	I/R	I/R	I/R	S	I/R
1352.1919	I/R	S	S	S	I/R	I/R	S	I/R
1352.42	NA	NA	NA	NA	NA	NA	NA	NA
1352.4201	NA	NA	NA	NA	NA	NA	NA	NA
1352.4202	NA	NA	NA	NA	NA	NA	NA	NA
1352.4229	NA	NA	NA	NA	NA	NA	NA	NA
1352.4228	NA	NA	NA	NA	NA	NA	NA	NA
1352.4227	NA	NA	NA	NA	NA	NA	NA	NA
1352.4226	NA	NA	NA	NA	NA	NA	NA	NA
1352.4225	NA	NA	NA	NA	NA	NA	NA	NA
1352.4224	NA	NA	NA	NA	NA	NA	NA	NA
1352.4223	NA	NA	NA	NA	NA	NA	NA	NA
1352.4222	NA	NA	NA	NA	NA	NA	NA	NA
1352.4221	NA	NA	NA	NA	NA	NA	NA	NA
1352.422	NA	NA	NA	NA	NA	NA	NA	NA
1352.4219	NA	NA	NA	NA	NA	NA	NA	NA
1352.4218	NA	NA	NA	NA	NA	NA	NA	NA
1352.4217	NA	NA	NA	NA	NA	NA	NA	NA
1352.4216	NA	NA	NA	NA	NA	NA	NA	NA
1352.4215	NA	NA	NA	NA	NA	NA	NA	NA
1352.4214	NA	NA	NA	NA	NA	NA	NA	NA
1352.4213	NA	NA	NA	NA	NA	NA	NA	NA
1352.4212	NA	NA	NA	NA	NA	NA	NA	NA
1352.4211	NA	NA	NA	NA	NA	NA	NA	NA
1352.421	NA	NA	NA	NA	NA	NA	NA	NA
1352.4209	NA	NA	NA	NA	NA	NA	NA	NA
1352.4208	NA	NA	NA	NA	NA	NA	NA	NA
1352.4207	NA	NA	NA	NA	NA	NA	NA	NA
1352.4206	NA	NA	NA	NA	NA	NA	NA	NA
1352.4205	NA	NA	NA	NA	NA	NA	NA	NA
1352.4204	NA	NA	NA	NA	NA	NA	NA	NA
1352.4203	NA	NA	NA	NA	NA	NA	NA	NA
1352.7888	NA	NA	NA	NA	NA	NA	NA	NA
1352.7889	NA	NA	NA	NA	NA	NA	NA	NA
1352.789	NA	NA	NA	NA	NA	NA	NA	NA
1352.7891	NA	NA	NA	NA	NA	NA	NA	NA
1352.9319	I/R	NA	NA	NA	NA	NA	NA	S
1352.9318	S	NA	NA	NA	NA	NA	NA	S
1352.9317	S	NA	NA	NA	NA	NA	NA	S
1352.9316	I/R	NA	NA	NA	NA	NA	NA	S
1352.9315	S	NA	NA	NA	NA	NA	NA	S
1352.9314	S	NA	NA	NA	NA	NA	NA	S
1352.9313	S	NA	NA	NA	NA	NA	NA	S
1352.9312	S	NA	NA	NA	NA	NA	NA	S
1352.931	S	NA	NA	NA	NA	NA	NA	S
1352.9309	I/R	NA	NA	NA	NA	NA	NA	S
1352.9308	I/R	NA	NA	NA	NA	NA	NA	S
1352.9307	I/R	NA	NA	NA	NA	NA	NA	S
1352.9321	I/R	NA	NA	NA	NA	NA	NA	S
1352.9306	I/R	NA	NA	NA	NA	NA	NA	S
1352.9304	I/R	NA	NA	NA	NA	NA	NA	S
1352.9303	I/R	NA	NA	NA	NA	NA	NA	S
1352.9302	I/R	NA	NA	NA	NA	NA	NA	S
1352.9301	S	NA	NA	NA	NA	NA	NA	S
1352.93	I/R	NA	NA	NA	NA	NA	NA	S
1352.9299	I/R	NA	NA	NA	NA	NA	NA	S
1352.9298	I/R	NA	NA	NA	NA	NA	NA	S
1352.9297	S	NA	NA	NA	NA	NA	NA	S
1352.9296	I/R	NA	NA	NA	NA	NA	NA	S
1352.9295	I/R	NA	NA	NA	NA	NA	NA	S
1352.9294	S	NA	NA	NA	NA	NA	NA	S
1352.9293	S	NA	NA	NA	NA	NA	NA	S
1352.9305	I/R	NA	NA	NA	NA	NA	NA	S
1352.9322	I/R	NA	NA	NA	NA	NA	NA	S
1352.9323	S	NA	NA	NA	NA	NA	NA	S
1352.9324	I/R	NA	NA	NA	NA	NA	NA	S
1352.9351	I/R	NA	NA	NA	NA	NA	NA	I/R
1352.935	I/R	NA	NA	NA	NA	NA	NA	I/R
1352.9349	I/R	NA	NA	NA	NA	NA	NA	I/R
1352.9348	I/R	NA	NA	NA	NA	NA	NA	I/R
1352.9347	I/R	NA	NA	NA	NA	NA	NA	I/R
1352.9346	I/R	NA	NA	NA	NA	NA	NA	S
1352.9345	I/R	NA	NA	NA	NA	NA	NA	I/R
1352.9344	I/R	NA	NA	NA	NA	NA	NA	I/R
1352.9343	I/R	NA	NA	NA	NA	NA	NA	S
1352.9342	I/R	NA	NA	NA	NA	NA	NA	I/R
1352.9341	I/R	NA	NA	NA	NA	NA	NA	S
1352.934	I/R	NA	NA	NA	NA	NA	NA	S
1352.9339	I/R	NA	NA	NA	NA	NA	NA	I/R
1352.9338	I/R	NA	NA	NA	NA	NA	NA	S
1352.9337	I/R	NA	NA	NA	NA	NA	NA	I/R
1352.9336	S	NA	NA	NA	NA	NA	NA	S
1352.9335	S	NA	NA	NA	NA	NA	NA	I/R
1352.9334	S	NA	NA	NA	NA	NA	NA	I/R
1352.9333	S	NA	NA	NA	NA	NA	NA	I/R
1352.9332	I/R	NA	NA	NA	NA	NA	NA	I/R
1352.9331	S	NA	NA	NA	NA	NA	NA	S
1352.933	I/R	NA	NA	NA	NA	NA	NA	I/R
1352.9329	I/R	NA	NA	NA	NA	NA	NA	S
1352.9328	I/R	NA	NA	NA	NA	NA	NA	S
1352.9327	I/R	NA	NA	NA	NA	NA	NA	S
1352.9326	I/R	NA	NA	NA	NA	NA	NA	S
1352.9325	I/R	NA	NA	NA	NA	NA	NA	S
1352.9292	I/R	NA	NA	NA	NA	NA	NA	S
1352.1905	I/R	S	S	S	I/R	I/R	S	I/R
1352.9291	I/R	NA	NA	NA	NA	NA	NA	S
1352.9289	I/R	NA	NA	NA	NA	NA	NA	S
1352.9257	S	NA	NA	NA	NA	NA	NA	S
1352.9256	I/R	NA	NA	NA	NA	NA	NA	S
1352.9255	S	NA	NA	NA	NA	NA	NA	S
1352.9254	S	NA	NA	NA	NA	NA	NA	S
1352.9253	S	NA	NA	NA	NA	NA	NA	S
1352.9252	S	NA	NA	NA	NA	NA	NA	S
1352.9251	S	NA	NA	NA	NA	NA	NA	S
1352.925	S	NA	NA	NA	NA	NA	NA	S
1352.9249	I/R	NA	NA	NA	NA	NA	NA	S
1352.9248	S	NA	NA	NA	NA	NA	NA	S
1352.9247	S	NA	NA	NA	NA	NA	NA	S
1352.9246	S	NA	NA	NA	NA	NA	NA	S
1352.9258	I/R	NA	NA	NA	NA	NA	NA	S
1352.9245	I/R	NA	NA	NA	NA	NA	NA	S
1352.9242	I/R	NA	NA	NA	NA	NA	NA	S
1352.9241	S	NA	NA	NA	NA	NA	NA	S
1352.924	S	NA	NA	NA	NA	NA	NA	S
1352.9239	S	NA	NA	NA	NA	NA	NA	S
1352.9238	S	NA	NA	NA	NA	NA	NA	S
1352.9237	S	NA	NA	NA	NA	NA	NA	S
1352.9236	S	NA	NA	NA	NA	NA	NA	S
1352.9235	S	NA	NA	NA	NA	NA	NA	S
1352.9234	S	NA	NA	NA	NA	NA	NA	S
1352.9233	S	NA	NA	NA	NA	NA	NA	S
1352.9232	S	NA	NA	NA	NA	NA	NA	S
1352.9231	S	NA	NA	NA	NA	NA	NA	S
1352.9244	I/R	NA	NA	NA	NA	NA	NA	S
1352.9259	S	NA	NA	NA	NA	NA	NA	S
1352.926	I/R	NA	NA	NA	NA	NA	NA	S
1352.9261	I/R	NA	NA	NA	NA	NA	NA	S
1352.9288	I/R	NA	NA	NA	NA	NA	NA	S
1352.9287	I/R	NA	NA	NA	NA	NA	NA	S
1352.9286	I/R	NA	NA	NA	NA	NA	NA	S
1352.9285	I/R	NA	NA	NA	NA	NA	NA	S
1352.9284	I/R	NA	NA	NA	NA	NA	NA	S
1352.9283	I/R	NA	NA	NA	NA	NA	NA	S
1352.9282	I/R	NA	NA	NA	NA	NA	NA	S
1352.9281	I/R	NA	NA	NA	NA	NA	NA	S
1352.928	S	NA	NA	NA	NA	NA	NA	S
1352.9279	S	NA	NA	NA	NA	NA	NA	S
1352.9278	S	NA	NA	NA	NA	NA	NA	S
1352.9277	I/R	NA	NA	NA	NA	NA	NA	S
1352.9276	I/R	NA	NA	NA	NA	NA	NA	S
1352.9275	I/R	NA	NA	NA	NA	NA	NA	S
1352.9274	S	NA	NA	NA	NA	NA	NA	S
1352.9273	S	NA	NA	NA	NA	NA	NA	S
1352.9272	S	NA	NA	NA	NA	NA	NA	S
1352.9271	S	NA	NA	NA	NA	NA	NA	S
1352.927	S	NA	NA	NA	NA	NA	NA	S
1352.9269	S	NA	NA	NA	NA	NA	NA	S
1352.9268	S	NA	NA	NA	NA	NA	NA	S
1352.9267	S	NA	NA	NA	NA	NA	NA	S
1352.9266	S	NA	NA	NA	NA	NA	NA	S
1352.9265	S	NA	NA	NA	NA	NA	NA	S
1352.9264	S	NA	NA	NA	NA	NA	NA	S
1352.9263	S	NA	NA	NA	NA	NA	NA	S
1352.9262	I/R	NA	NA	NA	NA	NA	NA	S
1352.929	S	NA	NA	NA	NA	NA	NA	S
1352.1904	I/R	S	S	S	S	I/R	S	I/R
1352.1903	I/R	S	S	S	I/R	I/R	S	I/R
1352.1902	I/R	S	S	S	I/R	I/R	S	I/R
1352.10647	I/R	NA	NA	NA	NA	NA	NA	I/R
1352.10646	S	NA	NA	NA	NA	NA	NA	S
1352.10645	I/R	NA	NA	NA	NA	NA	NA	I/R
1352.10644	I/R	NA	NA	NA	NA	NA	NA	I/R
1352.10643	I/R	NA	NA	NA	NA	NA	NA	S
1352.10642	I/R	NA	NA	NA	NA	NA	NA	S
1352.10641	I/R	NA	NA	NA	NA	NA	NA	S
1352.1064	S	NA	NA	NA	NA	NA	NA	S
1352.10639	I/R	NA	NA	NA	NA	NA	NA	S
1352.10638	I/R	NA	NA	NA	NA	NA	NA	I/R
1352.10637	S	NA	NA	NA	NA	NA	NA	S
1352.10636	S	NA	NA	NA	NA	NA	NA	S
1352.10648	S	NA	NA	NA	NA	NA	NA	S
1352.10635	S	NA	NA	NA	NA	NA	NA	S
1352.10633	I/R	NA	NA	NA	NA	NA	NA	I/R
1352.10632	I/R	NA	NA	NA	NA	NA	NA	S
1352.10631	S	NA	NA	NA	NA	NA	NA	S
1352.1063	S	NA	NA	NA	NA	NA	NA	S
1352.10629	I/R	NA	NA	NA	NA	NA	NA	S
1352.10628	I/R	NA	NA	NA	NA	NA	NA	S
1352.10627	I/R	NA	NA	NA	NA	NA	NA	S
1352.10626	I/R	NA	NA	NA	NA	NA	NA	I/R
1352.10625	I/R	NA	NA	NA	NA	NA	NA	I/R
1352.10624	I/R	NA	NA	NA	NA	NA	NA	I/R
1352.10623	I/R	NA	NA	NA	NA	NA	NA	I/R
1352.10622	I/R	NA	NA	NA	NA	NA	NA	I/R
1352.10634	S	NA	NA	NA	NA	NA	NA	S
1352.10649	I/R	NA	NA	NA	NA	NA	NA	I/R
1352.1065	I/R	NA	NA	NA	NA	NA	NA	I/R
1352.10651	I/R	NA	NA	NA	NA	NA	NA	S
1352.1778	I/R	I/R	S	S	S	I/R	S	I/R
1352.1777	I/R	S	S	S	I/R	I/R	S	I/R
1352.1776	I/R	S	S	S	I/R	I/R	S	I/R
1352.1775	I/R	I/R	S	S	S	I/R	S	I/R
1352.1774	I/R	S	S	S	I/R	I/R	S	I/R
1352.1773	I/R	S	S	S	I/R	I/R	S	I/R
1352.1772	I/R	I/R	S	S	S	I/R	S	I/R
1352.1771	I/R	S	S	I/R	S	I/R	S	I/R
1352.177	I/R	S	S	I/R	S	I/R	S	I/R
1352.1769	I/R	I/R	S	S	S	I/R	S	I/R
1352.1768	I/R	S	S	S	I/R	I/R	S	I/R
1352.1767	I/R	S	S	S	I/R	S	S	S
1352.1766	I/R	I/R	S	S	S	I/R	S	I/R
1352.1765	I/R	S	S	S	I/R	I/R	S	I/R
1352.1764	I/R	S	S	S	I/R	I/R	S	I/R
1352.1763	I/R	I/R	S	S	S	I/R	S	I/R
1352.1762	I/R	I/R	S	S	S	I/R	S	I/R
1352.10662	I/R	NA	NA	NA	NA	NA	NA	I/R
1352.10661	I/R	NA	NA	NA	NA	NA	NA	I/R
1352.1066	I/R	NA	NA	NA	NA	NA	NA	S
1352.10659	I/R	NA	NA	NA	NA	NA	NA	I/R
1352.10658	I/R	NA	NA	NA	NA	NA	NA	I/R
1352.10657	I/R	NA	NA	NA	NA	NA	NA	I/R
1352.10656	I/R	NA	NA	NA	NA	NA	NA	I/R
1352.10655	I/R	NA	NA	NA	NA	NA	NA	I/R
1352.10654	I/R	NA	NA	NA	NA	NA	NA	I/R
1352.10652	I/R	NA	NA	NA	NA	NA	NA	I/R
1352.10621	I/R	NA	NA	NA	NA	NA	NA	I/R
1352.1779	I/R	I/R	S	S	S	I/R	S	I/R
1352.1062	I/R	NA	NA	NA	NA	NA	NA	S
1352.10618	I/R	NA	NA	NA	NA	NA	NA	I/R
1352.10509	I/R	NA	NA	NA	NA	NA	NA	I/R
1352.10495	I/R	NA	NA	NA	NA	NA	NA	S
1352.10494	I/R	NA	NA	NA	NA	NA	NA	S
1352.10491	I/R	NA	NA	NA	NA	NA	NA	I/R
1352.1049	I/R	NA	NA	NA	NA	NA	NA	I/R
1352.10488	I/R	NA	NA	NA	NA	NA	NA	I/R
1352.10485	S	NA	NA	NA	NA	NA	NA	S
1352.10484	I/R	NA	NA	NA	NA	NA	NA	S
1352.10483	I/R	NA	NA	NA	NA	NA	NA	S
1352.10482	I/R	NA	NA	NA	NA	NA	NA	S
1352.10481	I/R	NA	NA	NA	NA	NA	NA	I/R
1352.1048	S	NA	NA	NA	NA	NA	NA	S
1352.10512	S	NA	NA	NA	NA	NA	NA	S
1352.10479	I/R	NA	NA	NA	NA	NA	NA	I/R
1352.10477	I/R	NA	NA	NA	NA	NA	NA	I/R
1352.10476	S	NA	NA	NA	NA	NA	NA	S
1352.10475	I/R	NA	NA	NA	NA	NA	NA	I/R
1352.10474	S	NA	NA	NA	NA	NA	NA	S
1352.10472	S	NA	NA	NA	NA	NA	NA	S
1352.10471	I/R	NA	NA	NA	NA	NA	NA	S
1352.1047	I/R	NA	NA	NA	NA	NA	NA	S
1352.10469	I/R	NA	NA	NA	NA	NA	NA	S
1352.10468	I/R	NA	NA	NA	NA	NA	NA	I/R
1352.10467	I/R	NA	NA	NA	NA	NA	NA	I/R
1352.10466	I/R	NA	NA	NA	NA	NA	NA	I/R
1352.10465	S	NA	NA	NA	NA	NA	NA	S
1352.10478	I/R	NA	NA	NA	NA	NA	NA	I/R
1352.10515	I/R	NA	NA	NA	NA	NA	NA	I/R
1352.10516	I/R	NA	NA	NA	NA	NA	NA	S
1352.10517	I/R	NA	NA	NA	NA	NA	NA	I/R
1352.10617	I/R	NA	NA	NA	NA	NA	NA	I/R
1352.10616	I/R	NA	NA	NA	NA	NA	NA	S
1352.10615	S	NA	NA	NA	NA	NA	NA	S
1352.10612	S	NA	NA	NA	NA	NA	NA	S
1352.10611	S	NA	NA	NA	NA	NA	NA	S
1352.1061	I/R	NA	NA	NA	NA	NA	NA	S
1352.10609	I/R	NA	NA	NA	NA	NA	NA	S
1352.10608	S	NA	NA	NA	NA	NA	NA	S
1352.10607	I/R	NA	NA	NA	NA	NA	NA	S
1352.10606	I/R	NA	NA	NA	NA	NA	NA	S
1352.10561	I/R	NA	NA	NA	NA	NA	NA	S
1352.10551	I/R	NA	NA	NA	NA	NA	NA	S
1352.10539	S	NA	NA	NA	NA	NA	NA	S
1352.10531	S	NA	NA	NA	NA	NA	NA	S
1352.1053	I/R	NA	NA	NA	NA	NA	NA	S
1352.10529	I/R	NA	NA	NA	NA	NA	NA	S
1352.10528	I/R	NA	NA	NA	NA	NA	NA	I/R
1352.10527	I/R	NA	NA	NA	NA	NA	NA	I/R
1352.10526	I/R	NA	NA	NA	NA	NA	NA	I/R
1352.10525	I/R	NA	NA	NA	NA	NA	NA	I/R
1352.10524	S	NA	NA	NA	NA	NA	NA	S
1352.10523	I/R	NA	NA	NA	NA	NA	NA	I/R
1352.10522	I/R	NA	NA	NA	NA	NA	NA	S
1352.10521	I/R	NA	NA	NA	NA	NA	NA	S
1352.1052	I/R	NA	NA	NA	NA	NA	NA	I/R
1352.10519	S	NA	NA	NA	NA	NA	NA	S
1352.10518	I/R	NA	NA	NA	NA	NA	NA	I/R
1352.10619	I/R	NA	NA	NA	NA	NA	NA	S
1352.9352	I/R	NA	NA	NA	NA	NA	NA	I/R
1352.178	I/R	S	S	S	I/R	I/R	S	I/R
1352.1782	I/R	I/R	S	S	S	I/R	S	I/R
1352.187	I/R	S	S	S	I/R	S	S	S
1352.1869	I/R	S	S	S	I/R	S	S	S
1352.1868	I/R	S	S	S	I/R	S	S	S
1352.1867	I/R	S	S	S	I/R	S	S	S
1352.1866	I/R	S	S	S	I/R	S	S	S
1352.1865	I/R	S	S	S	I/R	S	S	S
1352.1864	I/R	S	S	S	I/R	S	S	S
1352.1863	I/R	S	S	S	I/R	S	S	S
1352.1862	I/R	S	S	S	I/R	I/R	S	I/R
1352.1861	I/R	S	S	S	I/R	S	S	S
1352.186	I/R	S	S	S	I/R	S	S	S
1352.1859	I/R	S	S	S	I/R	I/R	S	I/R
1352.1871	I/R	S	S	S	I/R	I/R	S	I/R
1352.1858	I/R	S	S	S	S	S	S	S
1352.1856	I/R	S	S	S	I/R	S	S	S
1352.1855	I/R	S	S	S	I/R	S	S	S
1352.1854	I/R	S	S	I/R	I/R	I/R	S	I/R
1352.1853	I/R	S	S	S	I/R	I/R	S	I/R
1352.1852	I/R	S	S	S	I/R	S	S	S
1352.1851	I/R	S	S	I/R	S	I/R	S	I/R
1352.185	I/R	I/R	S	S	S	I/R	S	I/R
1352.1849	I/R	S	S	S	S	I/R	S	I/R
1352.1848	I/R	S	S	S	I/R	S	S	S
1352.1847	I/R	S	S	S	I/R	I/R	S	I/R
1352.1846	I/R	S	S	S	I/R	S	S	S
1352.1845	I/R	S	S	I/R	S	I/R	S	I/R
1352.1857	I/R	S	S	S	I/R	S	S	S
1352.1872	I/R	S	S	S	I/R	I/R	S	I/R
1352.1873	I/R	S	S	S	I/R	I/R	S	I/R
1352.1874	I/R	S	S	S	I/R	I/R	S	I/R
1352.1901	I/R	S	S	S	I/R	I/R	S	I/R
1352.19	I/R	S	S	I/R	S	I/R	S	I/R
1352.1899	I/R	S	S	I/R	S	I/R	S	I/R
1352.1898	I/R	S	S	S	S	S	S	S
1352.1897	I/R	S	S	S	I/R	I/R	S	I/R
1352.1896	I/R	S	S	S	I/R	I/R	S	I/R
1352.1895	I/R	S	S	S	S	I/R	S	I/R
1352.1894	I/R	S	S	S	S	I/R	S	I/R
1352.1893	I/R	S	S	S	I/R	I/R	S	I/R
1352.1892	I/R	S	S	S	I/R	I/R	S	I/R
1352.1891	I/R	S	S	S	I/R	I/R	S	I/R
1352.189	I/R	S	S	S	I/R	I/R	S	I/R
1352.1889	I/R	S	S	S	I/R	I/R	S	I/R
1352.1888	I/R	S	S	S	I/R	I/R	S	I/R
1352.1887	I/R	S	S	S	S	I/R	S	I/R
1352.1886	I/R	S	S	S	I/R	I/R	S	I/R
1352.1885	I/R	S	S	S	I/R	I/R	S	I/R
1352.1884	I/R	I/R	S	S	S	I/R	S	I/R
1352.1883	I/R	S	S	S	S	I/R	S	I/R
1352.1882	I/R	S	S	S	I/R	I/R	S	I/R
1352.1881	I/R	S	S	S	I/R	I/R	S	I/R
1352.188	I/R	S	S	S	I/R	I/R	S	I/R
1352.1879	I/R	S	S	S	I/R	I/R	S	I/R
1352.1878	I/R	S	S	S	I/R	I/R	S	I/R
1352.1877	I/R	S	S	S	I/R	I/R	S	I/R
1352.1876	I/R	S	S	S	I/R	I/R	S	I/R
1352.1875	I/R	S	S	S	I/R	I/R	S	I/R
1352.1844	I/R	S	S	S	I/R	I/R	S	I/R
1352.1781	I/R	I/R	S	S	S	I/R	S	I/R
1352.1843	I/R	S	S	S	I/R	S	S	S
1352.1841	I/R	I/R	S	S	S	I/R	S	I/R
1352.1809	I/R	S	S	S	I/R	I/R	S	I/R
1352.1808	I/R	S	S	S	I/R	I/R	S	I/R
1352.1807	I/R	S	S	S	S	I/R	S	I/R
1352.1806	I/R	I/R	S	S	S	I/R	S	I/R
1352.1805	I/R	I/R	S	S	S	I/R	S	I/R
1352.1804	I/R	I/R	S	S	S	I/R	S	I/R
1352.1802	I/R	S	S	S	I/R	I/R	S	I/R
1352.1801	I/R	S	S	S	I/R	I/R	S	I/R
1352.18	I/R	I/R	S	S	S	I/R	S	I/R
1352.1799	I/R	I/R	S	S	S	I/R	S	I/R
1352.1798	I/R	I/R	S	S	S	I/R	S	I/R
1352.1797	I/R	I/R	S	S	S	I/R	S	I/R
1352.181	I/R	S	S	S	S	I/R	S	I/R
1352.1796	I/R	S	S	S	I/R	I/R	S	I/R
1352.1794	I/R	I/R	S	S	S	I/R	S	I/R
1352.1793	I/R	S	S	S	I/R	S	S	S
1352.1792	I/R	I/R	S	S	S	I/R	S	I/R
1352.1791	I/R	I/R	S	S	S	I/R	S	I/R
1352.179	I/R	I/R	S	S	S	I/R	S	I/R
1352.1789	I/R	S	S	S	I/R	S	S	S
1352.1788	I/R	I/R	S	S	S	I/R	S	I/R
1352.1787	I/R	I/R	S	S	S	I/R	S	I/R
1352.1786	I/R	I/R	S	S	S	I/R	S	I/R
1352.1785	I/R	I/R	S	S	S	I/R	S	I/R
1352.1784	I/R	I/R	S	S	S	I/R	S	I/R
1352.1783	I/R	I/R	S	S	S	I/R	S	I/R
1352.1795	I/R	S	S	S	I/R	S	S	S
1352.1811	I/R	S	S	S	I/R	I/R	S	I/R
1352.1812	I/R	I/R	S	S	S	I/R	S	I/R
1352.1813	I/R	S	S	I/R	S	I/R	S	I/R
1352.184	I/R	S	S	S	S	I/R	S	I/R
1352.1839	I/R	S	S	S	I/R	S	S	S
1352.1838	I/R	S	S	S	I/R	I/R	S	I/R
1352.1837	I/R	S	S	S	I/R	I/R	S	I/R
1352.1836	I/R	I/R	S	S	S	I/R	S	I/R
1352.1835	I/R	I/R	S	S	S	I/R	S	I/R
1352.9363	I/R	NA	NA	NA	NA	NA	NA	I/R
1352.1833	I/R	S	S	S	I/R	I/R	S	I/R
1352.1832	I/R	S	S	S	I/R	S	S	S
1352.1831	I/R	S	S	S	I/R	I/R	S	I/R
1352.183	I/R	I/R	S	S	S	I/R	S	I/R
1352.1829	I/R	S	S	S	S	I/R	S	I/R
1352.1828	I/R	S	S	I/R	S	I/R	S	I/R
1352.1827	I/R	S	S	S	S	I/R	S	I/R
1352.1826	I/R	S	S	S	I/R	S	S	S
1352.1825	I/R	S	S	S	I/R	S	S	S
1352.1824	S	S	S	I/R	S	S	S	S
1352.1823	I/R	S	S	S	I/R	I/R	S	I/R
1352.1822	I/R	S	S	S	I/R	I/R	S	I/R
1352.1821	I/R	S	S	S	I/R	I/R	S	I/R
1352.182	I/R	S	S	S	I/R	S	S	S
1352.1819	I/R	S	S	S	I/R	S	S	S
1352.1818	I/R	I/R	S	S	S	I/R	S	I/R
1352.1817	I/R	S	S	I/R	S	I/R	S	I/R
1352.1816	I/R	S	S	I/R	S	I/R	S	I/R
1352.1815	I/R	I/R	S	S	S	I/R	S	I/R
1352.1814	I/R	S	S	I/R	S	I/R	S	I/R
1352.1842	I/R	S	S	S	S	I/R	S	I/R
1352.9353	I/R	NA	NA	NA	NA	NA	NA	I/R
1352.1834	I/R	S	S	S	S	I/R	S	I/R
1352.9356	I/R	NA	NA	NA	NA	NA	NA	I/R
1352.9357	I/R	NA	NA	NA	NA	NA	NA	I/R
1352.9358	I/R	NA	NA	NA	NA	NA	NA	I/R
1352.9359	I/R	NA	NA	NA	NA	NA	NA	I/R
1352.936	I/R	NA	NA	NA	NA	NA	NA	I/R
1352.9361	I/R	NA	NA	NA	NA	NA	NA	S
1352.9355	I/R	NA	NA	NA	NA	NA	NA	S
1352.9354	I/R	NA	NA	NA	NA	NA	NA	I/R
