sample_name	cleaned_host
SRR29953194	cattle
SRR29953195	cattle
SRR29953196	cattle
SRR29953197	cattle
SRR29953198	chicken
SRR29953199	cattle
SRR29953200	chicken
SRR29953201	chicken
SRR29953202	chicken
SRR29953203	cattle
SRR29953204	cattle
SRR29953205	cattle
SRR29953206	cattle
SRR29953207	cattle
SRR29953208	cattle
SRR29953209	cattle
SRR29953210	cattle
SRR29953211	cattle
SRR29953212	cattle
SRR29953213	cattle
SRR29953214	cattle
SRR29953215	cattle
SRR29953216	cattle
SRR29953217	cattle
SRR29953218	cattle
SRR29953219	cattle
SRR29953220	cattle
SRR29953221	cattle
SRR29953222	cattle
SRR29953223	cattle
SRR29953224	cattle
SRR29953225	cattle
SRR29953226	cattle
SRR29953227	cattle
SRR29953228	cattle
SRR29953229	cattle
SRR29953230	chicken
SRR29953231	chicken
SRR29953232	cattle
SRR29953233	cattle
SRR29953234	cattle
SRR29953235	cattle
SRR29953236	cattle
SRR29953237	cattle
SRR29953238	cattle
SRR29953239	cattle
SRR29953240	cattle
SRR29953241	cattle
SRR29953242	cattle
SRR29953243	cattle
SRR29953244	cattle
SRR29953245	cattle
SRR29953246	cattle
SRR29953247	cattle
SRR29953248	cattle
SRR29953249	cattle
SRR29953250	cattle
SRR29953251	cattle
SRR29953252	cattle
SRR29953253	cattle
SRR29953254	cattle
SRR29953255	cattle
SRR29953256	cattle
SRR29953257	cattle
SRR29953258	cattle
SRR29953259	cattle
SRR29953260	cattle
SRR29953261	cattle
SRR29953262	cattle
SRR29953263	cattle
SRR29953264	turkey
SRR29953265	cattle
SRR29953266	turkey
SRR29953267	turkey
SRR29953268	turkey
SRR29953269	turkey
SRR29953270	cattle
SRR29953271	cattle
SRR29953272	cattle
SRR29953273	cattle
SRR29953274	cattle
SRR29953275	cattle
SRR29953276	cattle
SRR29953277	cattle
SRR29851687	cattle
SRR29851688	cattle
SRR29851689	cattle
SRR29851696	cattle
SRR29851697	cattle
SRR29851698	cattle
SRR29851701	cattle
SRR28752446	blackbird
SRR28752447	cattle
SRR28752448	cattle
SRR28752449	cattle
SRR28752450	cattle
SRR28752451	cattle
SRR28752452	cattle
SRR28752453	cattle
SRR28752454	cattle
SRR28752455	cattle
SRR28752456	cattle
SRR28752457	chicken
SRR28752458	cattle
SRR28752459	cattle
SRR28752460	cattle
SRR28752461	cattle
SRR28752462	cattle
SRR28752463	cattle
SRR28752464	cattle
SRR28752465	cattle
SRR28752466	cattle
SRR28752467	cattle
SRR28752468	chicken
SRR28752469	cattle
SRR28752470	cattle
SRR28752472	cattle
SRR28752473	cat
SRR28752474	cat
SRR28752475	cattle
SRR28752476	cattle
SRR28752478	cattle
SRR28752479	cattle
SRR28752480	cattle
SRR28752481	cattle
SRR28752482	cattle
SRR28752483	cattle
SRR28752484	cattle
SRR28752485	cattle
SRR28752486	cattle
SRR28752487	cattle
SRR28752488	cattle
SRR28752489	cattle
SRR28752490	cattle
SRR28752491	cattle
SRR28752492	cattle
SRR28752493	cattle
SRR28752494	cattle
SRR28752495	chicken
SRR28752496	chicken
SRR28752497	cattle
SRR28752498	cattle
SRR28752499	cattle
SRR28752500	cattle
SRR28752501	cattle
SRR28752502	cattle
SRR28752503	cattle
SRR28752504	cattle
SRR28752505	cattle
SRR28752506	cattle
SRR28752507	chicken
SRR28752508	chicken
SRR28752509	cattle
SRR28752510	cattle
SRR28752511	cat
SRR28752512	cat
SRR28752513	cat
SRR28752514	cattle
SRR28752515	cattle
SRR28752516	cattle
SRR28752517	cattle
SRR28752518	cattle
SRR28752519	cattle
SRR28752520	chicken
SRR28752521	grackle
SRR28752522	skunk
SRR28752523	cat
SRR28752524	cat
SRR28752525	cattle
SRR28752526	cattle
SRR28752527	cattle
SRR28752529	cattle
SRR28752530	cattle
SRR28752531	cattle
SRR28752532	cattle
SRR28752533	cattle
SRR28752534	cattle
SRR28752535	cattle
SRR28752536	chicken
SRR28752537	cattle
SRR28752538	cattle
SRR28752539	cattle
SRR28752540	cattle
SRR28752541	cattle
SRR28752542	cattle
SRR28752543	cattle
SRR28752544	cattle
SRR28752545	cattle
SRR28752546	cattle
SRR28752547	cattle
SRR28752548	cattle
SRR28752550	cattle
SRR28752551	cattle
SRR28752552	cattle
SRR28752553	chicken
SRR28752554	cattle
SRR28752555	cattle
SRR28752556	cattle
SRR28752557	cattle
SRR28752558	cattle
SRR28752559	cattle
SRR28752560	cattle
SRR28752561	cattle
SRR28752562	cattle
SRR28752563	blackbird
SRR28752564	cattle
SRR28752565	cattle
SRR28752566	cattle
SRR28752567	cattle
SRR28752568	raccoon
SRR28752569	cattle
SRR28752570	cattle
SRR28752571	cattle
SRR28752572	cattle
SRR28752573	cattle
SRR28752574	grackle
SRR28752575	cattle
SRR28752576	cattle
SRR28752577	cattle
SRR28752578	cattle
SRR28752579	cattle
SRR28752580	cattle
SRR28752581	cattle
SRR28752582	cattle
SRR28752583	cattle
SRR28752584	cattle
SRR28752585	cattle
SRR28752586	cattle
SRR28752587	cattle
SRR28752588	cattle
SRR28752589	cattle
SRR28752590	cattle
SRR28752591	cattle
SRR28752592	cattle
SRR28752593	cattle
SRR28752594	cattle
SRR28752595	chicken
SRR28752596	cattle
SRR28752597	cattle
SRR28752598	cattle
SRR28752599	cattle
SRR28752600	cattle
SRR28752601	cattle
SRR28752602	cattle
SRR28752603	cattle
SRR28752604	cattle
SRR28752605	cattle
SRR28752606	chicken
SRR28752607	cattle
SRR28752608	cattle
SRR28752609	cattle
SRR28752610	cattle
SRR28752611	cattle
SRR28752612	cattle
SRR28752613	cattle
SRR28752614	cattle
SRR28752615	cattle
SRR28752616	cattle
SRR28752617	cattle
SRR28752618	cattle
SRR28752619	cattle
SRR28752620	cattle
SRR28752621	cattle
SRR28752622	cattle
SRR28752623	cattle
SRR28752624	cattle
SRR28752625	cattle
SRR28752626	cattle
SRR28752627	cattle
SRR28752628	cattle
SRR28752629	cattle
SRR28752630	cattle
SRR28752631	cattle
SRR28752632	cattle
SRR28752633	cattle
SRR28752634	cattle
SRR28752635	cattle
SRR28752636	pefa
SRR28752637	cattle
SRR28752638	chicken
SRR28752639	chicken
SRR28752640	chicken
SRR28752641	chicken
SRR28752642	cattle
SRR28752643	cattle
SRR28752644	cattle
SRR28752645	cattle
SRR28752646	cattle
SRR28752647	cattle
SRR28752648	cattle
SRR28752649	grackle
SRR28752650	cattle
SRR28752651	cattle
SRR28752652	cattle
SRR28752653	cattle
SRR28752654	cattle
SRR28752655	cattle
SRR28752656	cattle
SRR28752657	cattle
SRR28752658	cattle
SRR28752659	cattle
SRR28752660	chicken
SRR28752661	cattle
SRR28752662	cattle
SRR28752663	cattle
SRR28752664	cattle
SRR28752665	cat
SRR28752666	cat
SRR28752667	cattle
SRR28752668	cattle
SRR28752669	cattle
SRR28752670	cattle
SRR28752671	chicken
SRR28752672	cattle
SRR28752673	cattle
SRR28752674	cattle
SRR28752675	cattle
SRR28752676	cattle
SRR28752677	cattle
SRR28752678	cattle
SRR28752679	cattle
SRR28752680	cattle
SRR28752681	cattle
SRR28752682	chicken
SRR28752683	cago
SRR28752684	goose
SRR30090349	cattle
SRR30090350	cattle
SRR30090351	cattle
SRR30090352	cattle
SRR30090353	cattle
SRR30090354	cattle
SRR30090355	cattle
SRR30090356	cattle
SRR30090357	cattle
SRR30090358	cattle
SRR30090359	cattle
SRR30090360	cattle
SRR30090361	cattle
SRR30090362	chicken
SRR30090363	cattle
SRR30090364	cattle
SRR30090365	cattle
SRR30090366	cattle
SRR30090367	cat
SRR30090368	cat
SRR30090369	cattle
SRR30090370	cattle
SRR30090371	cattle
SRR30090372	cattle
SRR30090373	cattle
SRR30090374	cattle
SRR30090375	cattle
SRR30090376	cattle
SRR30090377	chicken
SRR30090378	cattle
SRR30090379	cattle
SRR30090380	cattle
SRR30090381	cattle
SRR30090382	cattle
SRR30090383	cattle
SRR30090384	cattle
SRR30090385	cattle
SRR30090386	raccoon
SRR30090387	cattle
SRR30090388	cattle
SRR30090389	cattle
SRR30090390	cattle
SRR30090391	western kingbird
SRR30090392	chicken
SRR30090393	chicken
SRR30090394	chicken
SRR30090395	chicken
SRR30090396	chicken
SRR30090397	house sparrow
SRR30090398	chicken
SRR30090399	chicken
SRR30090400	chicken
SRR30090401	chicken
SRR30090402	chicken
SRR30090403	chicken
SRR30090404	chicken
SRR30090405	cattle
SRR30090406	cattle
SRR30090407	cattle
SRR30090408	cattle
SRR30090409	cattle
SRR30202021	cattle
SRR30202024	cattle
SRR30202029	cattle
SRR30202030	cattle
SRR30202031	cattle
SRR30202037	chicken
SRR30202038	chicken
SRR30202043	chicken
SRR30202049	cattle
SRR30202050	cattle
SRR30202051	cattle
SRR29851700	turkey
SRR29851702	cattle
SRR29851683	cattle
SRR29851685	cattle
SRR29851690	cattle
SRR29851691	cattle
SRR29851692	cattle
SRR29851693	cattle
SRR29851694	chicken
SRR29851695	chicken
SRR29851699	cattle
SRR29851679	cattle
SRR29851680	cattle
SRR29851681	cattle
SRR29851682	cattle
SRR29851684	cattle
SRR29851686	cattle
SRR29377820	cattle
SRR29377821	cattle
SRR29377822	cattle
SRR29377823	cattle
SRR29377824	cattle
SRR29377825	cattle
SRR29377826	cattle
SRR29377827	cattle
SRR29377828	cattle
SRR29377829	cattle
SRR29377830	cattle
SRR29377831	cattle
SRR29377832	cattle
SRR29377833	cattle
SRR29377834	cattle
SRR29377835	cattle
SRR29377836	cattle
SRR29377837	cattle
SRR29377838	cattle
SRR29377839	alpaca
SRR29377840	cattle
SRR29377841	cattle
SRR29377842	cattle
SRR29377843	cattle
SRR29377844	cattle
SRR29377845	cattle
SRR29377846	cattle
SRR29377847	cattle
SRR29377848	cattle
SRR29377849	cattle
SRR29377850	turkey
SRR29377851	cattle
SRR29377852	cattle
SRR29377853	cattle
SRR29377854	cattle
SRR29377855	cattle
SRR29377856	cattle
SRR29377857	cattle
SRR29377858	cattle
SRR29377859	cattle
SRR29377860	cattle
SRR29377861	turkey
SRR29377862	turkey
SRR29377863	turkey
SRR29377864	turkey
SRR29377865	cattle
SRR29377866	cattle
SRR29377867	cattle
SRR29377868	cattle
SRR29377869	cattle
SRR29377870	cattle
SRR29377871	cattle
SRR29377872	chicken
SRR29377873	cattle
SRR29377874	cattle
SRR29377875	cattle
SRR29377876	cattle
SRR29377877	cattle
SRR29377878	cattle
SRR29377879	chicken
SRR29377880	chicken
SRR29377881	turkey
SRR29377882	turkey
SRR29377883	chicken
SRR29377884	turkey
SRR29377885	cattle
SRR29377886	cattle
SRR29377887	cattle
SRR29377888	cattle
SRR29377889	cattle
SRR29377890	cattle
SRR29377891	cattle
SRR29377892	cat
SRR29377893	cat
SRR29377894	chicken
SRR29377895	cattle
SRR29377896	cattle
SRR29377897	cattle
SRR29377898	cattle
SRR29377899	cattle
SRR29377900	cattle
SRR29377901	cattle
SRR29377902	cattle
SRR29377903	cattle
SRR29377904	cattle
SRR29377905	chicken
SRR29377906	cattle
SRR29377907	cattle
SRR29377908	cattle
SRR29377909	cattle
SRR29377910	cattle
SRR29377911	cattle
SRR29377912	cattle
SRR29377913	cattle
SRR29377914	cattle
SRR29377915	cattle
SRR29377916	chicken
SRR29377917	chicken
SRR28912777	cattle
SRR28912778	cattle
SRR28912779	turkey
SRR28912780	chicken
SRR28912781	chicken
SRR28912782	chicken
SRR28912783	cattle
SRR28912784	cattle
SRR28912785	cattle
SRR28912786	cattle
SRR28912787	cattle
SRR28912788	cattle
SRR28912789	turkey
SRR28912790	turkey
SRR28912791	chicken
SRR28912792	domestic-cat
SRR28912793	chicken
SRR28912794	chicken
SRR28912795	cattle
SRR28912796	chicken
SRR28912797	chicken
SRR28912798	cattle
SRR28912799	chicken
SRR28912800	chicken
SRR28912801	cattle
SRR28912802	cattle
SRR28912803	cattle
SRR28912804	cattle
SRR28912805	cattle
SRR28912806	cattle
SRR28912807	cattle
SRR28912808	cattle
SRR28912809	cattle
SRR28912810	cattle
SRR28912811	cattle
SRR28912812	cattle
SRR28912813	cattle
SRR28912814	cattle
SRR28912815	cattle
SRR28912816	cattle
SRR28912817	domestic-cat
SRR28912818	domestic-cat
SRR28912819	domestic-cat
SRR28912820	raccoon
SRR28912821	raccoon
SRR28912822	cattle
SRR28912823	cattle
SRR28912824	cattle
SRR28912825	cattle
SRR28912826	cattle
SRR28912827	cattle
SRR28912828	cattle
SRR28912829	cattle
SRR28912830	cattle
SRR28912831	cattle
SRR28912832	turkey
SRR28912833	turkey
SRR28912834	turkey
SRR28912835	cattle
SRR28912836	turkey
SRR28912837	turkey
SRR28912838	turkey
SRR28912839	chicken
SRR28912840	cattle
SRR28912841	cattle
SRR28912842	cattle
SRR28912843	cattle
SRR28912844	cattle
SRR28912845	cattle
SRR28912846	cattle
SRR28912847	cattle
SRR28912848	cattle
SRR28912849	cattle
SRR28912850	cattle
SRR28912851	cattle
SRR28912852	cattle
SRR28912853	cattle
SRR28912854	cattle
SRR28912855	cattle
SRR28912856	cattle
SRR28912857	cattle
SRR28912858	domestic-cat
SRR29281427	cattle
SRR29281428	cattle
SRR29281429	cattle
SRR29281430	cattle
SRR29281431	cattle
SRR29281432	cattle
SRR29281433	cattle
SRR29281434	cattle
SRR29281435	cattle
SRR29281436	feline
SRR29281437	cattle
SRR29281438	cattle
SRR29281439	cattle
SRR29281440	cattle
SRR29281441	cattle
SRR29281442	cattle
SRR29281443	cattle
SRR29281444	cattle
SRR29281445	feline
SRR29281446	chicken
SRR29281447	chicken
SRR29281448	cattle
SRR29281449	cattle
SRR29281450	cattle
SRR29281451	cattle
SRR29281452	cattle
SRR29281453	cattle
SRR29281454	cattle
SRR29281455	cattle
SRR29281456	cattle
SRR29281457	cattle
SRR29281458	cattle
SRR29281459	cattle
SRR29281460	cattle
SRR29281461	cattle
SRR29281462	cattle
SRR29281463	cattle
SRR29281464	cattle
SRR29281465	cattle
SRR29281466	cattle
SRR29281467	cattle
SRR29281468	cattle
SRR29281469	cattle
SRR29281470	cattle
SRR29281471	cattle
SRR29281472	turkey
SRR29455576	cattle
SRR29455578	cattle
SRR29455582	cattle
SRR29455591	cattle
SRR29455592	cattle
SRR29455593	cat
SRR29455597	cattle
SRR29455598	cattle
SRR29455599	cattle
SRR29455600	cattle
SRR29455603	cattle
SRR29455604	cattle
SRR29455606	cattle
SRR29455610	cattle
SRR29455611	cattle
SRR29455615	cattle
SRR29455616	cattle
SRR29455621	cattle
SRR29455628	cattle
SRR29455631	cattle
SRR29455633	cattle
SRR29455640	cattle
SRR29455641	cattle
SRR29455645	cattle
SRR29455646	alpaca
SRR29455647	alpaca
SRR29455581	cattle
SRR29455583	cattle
SRR29455584	cattle
SRR29455585	cattle
SRR29455586	cattle
SRR29455587	cattle
SRR29455588	cattle
SRR29455589	cattle
SRR29455590	cattle
SRR29455612	cattle
SRR29455613	cattle
SRR29455614	cattle
SRR29455627	cattle
SRR29455634	cattle
SRR29455642	cattle
SRR29455643	cattle
SRR29182377	chicken
SRR29182378	chicken
SRR29182379	chicken
SRR29182380	cattle
SRR29182381	cattle
SRR29182382	cattle
SRR29182383	cattle
SRR29182384	goose
SRR29182385	cattle
SRR29182386	cattle
SRR29182387	cattle
SRR29182388	cattle
SRR29182389	cattle
SRR29182390	cattle
SRR29182391	cattle
SRR29182392	cattle
SRR29182393	cattle
SRR29182394	chicken
SRR29182395	chicken
SRR28834894	cattle
SRR28834895	domestic cat
SRR28834896	domestic cat
SRR28834897	goat
SRR28834898	western sandpiper
SRR28834912	skunk
SRR28834913	mute swan
SRR28834914	mountain lion
SRR28834915	duck
SRR28834916	chicken
SRR28834917	canada goose
SRR28834918	chicken
SRR28834919	chicken
SRR28834920	american crow
SRR28834921	chicken
SRR28834922	chicken
SRR28834923	chicken
SRR28834924	turkey
SRR28834925	turkey
SRR28834931	canada goose
SRR28834933	red tailed hawk
SRR28834934	skunk
SRR28834935	bald eagle
SRR28834936	skunk
SRR28834937	snow goose
SRR28834938	chicken
SRR28834939	turkey vulture
SRR28834940	snow goose
SRR28834941	common raven
SRR28834942	turkey
SRR28834943	turkey
SRR28834953	goat
SRR28834954	goat
SRR28834955	goat
SRR28834956	goat
SRR28834957	goat
SRR28834958	goat
SRR28834959	goat
SRR28834960	goat
SRR28834961	turkey
SRR28834962	chicken
SRR28834963	harris hawk
SRR28834964	red tailed hawk
SRR28834850	cattle
SRR28834851	cattle
SRR28834852	cattle
SRR28834853	cattle
SRR28834854	cattle
SRR28834855	pigeon
SRR28834884	chicken
SRR28834885	mountain lion
SRR28834886	canada goose
SRR28834887	cattle
SRR28834888	cattle
SRR28834889	cattle
SRR28834890	cattle
SRR28834891	cattle
SRR28834892	cattle
SRR28834893	cattle
SRR28834899	goat
SRR28834900	mallard
SRR28834901	american crow
SRR28834902	ganada goose
SRR28834903	great horned owl
SRR28834904	bald eagle
SRR28834905	red tailed hawk
SRR28834906	skunk
SRR28834907	skunk
SRR28834908	skunk
SRR28834909	american crow
SRR28834910	skunk
SRR28834911	skunk
SRR28834926	turkey
SRR28834927	turkey
SRR28834928	turkey
SRR28834929	snow goose
SRR28834930	domestic cat
SRR28834944	chicken
SRR28834945	chicken
SRR28834946	turkey
SRR28834947	goat
SRR28834948	goat
SRR28834949	goat
SRR28834950	goat
SRR28834951	western gull
SRR28834952	goat
SRR30202022	cattle
SRR30202023	cattle
SRR30202025	cattle
SRR30202026	cattle
SRR30202027	cattle
SRR30202028	cattle
SRR30202032	chicken
SRR30202033	chicken
SRR30202034	cat
SRR30202035	cattle
SRR30202036	cattle
SRR30202039	cattle
SRR30202040	chicken
SRR30202041	chicken
SRR30202042	chicken
SRR30202044	chicken
SRR30202045	chicken
SRR30202046	chicken
SRR30202047	chicken
SRR30202048	cattle
SRR29040269	cattle
SRR29040270	cattle
SRR29040271	cattle
SRR29040272	domestic-cat
SRR29040273	domestic-cat
SRR29040274	domestic-cat
SRR29040275	domestic-cat
SRR29040276	red fox
SRR29040277	red fox
SRR29040278	red fox
SRR29040279	red fox
SRR29040280	red fox
SRR29040281	comon-grackle
SRR29040282	hawk
SRR29040283	turkey
SRR29040284	cattle
SRR29040285	cattle
SRR29040286	domestic-cat
SRR29040287	cattle
SRR29040288	cattle
SRR29040289	cattle
SRR29040290	cattle
SRR29040291	cattle
SRR29040292	cattle
SRR29040293	cattle
SRR29040294	cattle
SRR29040295	cattle
SRR29040296	cattle
SRR29040297	domestic-cat
SRR29040298	cattle
SRR28980984	domestic cat
SRR28980985	cattle
SRR28980986	cattle
SRR28980987	cattle
SRR28980988	cattle
SRR28980989	cattle
SRR28980990	cattle
SRR28980991	cattle
SRR28980992	cattle
SRR28980993	cattle
SRR28980994	cattle
SRR28980995	cattle
SRR28980996	cattle
SRR28980997	cattle
SRR28980998	cattle
SRR28980999	cattle
SRR28981000	cattle
SRR28981001	cattle
SRR28981002	cattle
SRR28981003	cattle
SRR28981004	cattle
SRR28981005	cattle
SRR28981006	cattle
SRR28981007	cattle
SRR28981008	cattle
SRR28981009	cattle
SRR28981010	cattle
SRR28981011	cattle
SRR28981012	cattle
SRR28981013	cattle
SRR28981014	cattle
SRR28981015	cattle
SRR28981016	cattle
SRR28981017	cattle
SRR28981018	cattle
SRR28981019	cattle
SRR28981020	cattle
SRR28981021	cattle
SRR28981022	cattle
SRR28981023	cattle
SRR28981024	cattle
SRR28981025	cattle
SRR28981026	cattle
SRR28981027	cattle
SRR28981028	raccoon
SRR28981029	chicken
SRR28981030	chicken
SRR28981031	domestic cat
SRR28981032	domestic cat
SRR28981033	domestic cat
SRR28981034	turkey
SRR28981035	turkey
SRR28981036	domestic cat
SRR28981037	cattle
SRR28981038	cattle
SRR28981039	domestic cat
SRR29740685	cattle
SRR29740689	cattle
SRR29740694	cat
SRR29740697	cattle
SRR29740698	cattle
SRR29740706	cattle
SRR29740711	cattle
SRR29740715	cattle
SRR29740718	cattle
SRR29740719	cattle
SRR29740720	cattle
SRR29740722	cattle
SRR29740723	cattle
SRR29740724	cattle
SRR29740726	cattle
SRR29740728	cattle
SRR29740729	cattle
SRR29740730	cattle
SRR29740736	chicken
SRR29740742	cattle
SRR29740743	cattle
SRR29740744	cattle
SRR29740747	cattle
SRR29740749	cattle
SRR29740753	cattle
SRR29455573	cattle
SRR29455574	cattle
SRR29455575	cattle
SRR29455577	cattle
SRR29455579	cattle
SRR29455580	cattle
SRR29455594	cattle
SRR29455595	cattle
SRR29455596	cattle
SRR29455601	cattle
SRR29455602	cattle
SRR29455605	cattle
SRR29455607	cattle
SRR29455608	cattle
SRR29455609	cattle
SRR29455617	cattle
SRR29455618	cattle
SRR29455619	cattle
SRR29455620	cattle
SRR29455622	cattle
SRR29455623	cattle
SRR29455624	cattle
SRR29455625	cattle
SRR29455626	cattle
SRR29455629	cattle
SRR29455630	cattle
SRR29455632	cattle
SRR29455635	cattle
SRR29455636	cattle
SRR29455637	cattle
SRR29455638	cattle
SRR29455639	cattle
SRR29455644	cattle
SRR29543293	turkey
SRR29543294	cattle
SRR29543295	cattle
SRR29543296	cattle
SRR29543297	cattle
SRR29543298	cattle
SRR29543299	cattle
SRR29543300	cattle
SRR29543301	cattle
SRR29543302	cattle
SRR29543303	cattle
SRR29543304	cattle
SRR29543305	cattle
SRR29543306	cattle
SRR29543307	cattle
SRR29543308	chicken
SRR29543309	cattle
SRR29543310	cattle
SRR29543311	cattle
SRR29543312	cattle
SRR29543313	cattle
SRR29543314	cattle
SRR29543315	cattle
SRR29543316	cattle
SRR29543317	cattle
SRR29543318	cattle
SRR29543319	cattle
SRR29543320	cattle
SRR29543321	cattle
SRR29543322	cattle
SRR29543323	cattle
SRR29543324	cattle
SRR29543325	cattle
SRR29543326	cattle
SRR29543327	cattle
SRR29543328	cattle
SRR29543329	cattle
SRR29543330	cattle
SRR29543331	cattle
SRR29543332	cattle
SRR29543333	cattle
SRR29543334	cattle
SRR29543335	cattle
SRR29543336	cattle
SRR29543337	cattle
SRR29543338	cattle
SRR29543339	cattle
SRR29543340	cattle
SRR29543341	cattle
SRR29543342	cattle
SRR29543343	cattle
SRR29543344	cattle
SRR29543345	cattle
SRR29543346	cattle
SRR29543347	cattle
SRR29543348	cattle
SRR29543349	cattle
SRR29543350	cattle
SRR29543351	cattle
SRR29543352	cattle
SRR29543353	cattle
SRR29543354	cattle
SRR29543355	cattle
SRR29543356	cattle
SRR29543357	cattle
SRR29543358	cattle
SRR29543359	cattle
SRR29543360	cattle
SRR29543361	cattle
SRR29543362	cattle
SRR29543363	cattle
SRR29543364	cattle
SRR29543365	cattle
SRR29543366	cattle
SRR29543367	cattle
SRR29543368	cattle
SRR29543369	cattle
SRR29543370	cattle
SRR29543371	cattle
SRR29543372	cattle
SRR29543373	cattle
SRR29543374	cattle
SRR29543375	turkey
SRR29543376	cattle
SRR29543377	cattle
SRR29543378	cattle
SRR29543379	cattle
SRR29543380	cattle
SRR29543381	turkey
SRR29543382	turkey
SRR29543383	turkey
SRR29543384	cattle
SRR29543385	cattle
SRR29543386	cattle
SRR29543387	cattle
SRR29543388	cattle
SRR29543389	cattle
SRR29543390	turkey
SRR29543391	turkey
SRR29543392	cattle
SRR29543393	cattle
SRR29543394	cattle
SRR29694475	cattle
SRR29694476	cattle
SRR29694477	cattle
SRR29694478	cattle
SRR29694479	cattle
SRR29694480	cattle
SRR29694481	cattle
SRR29694482	cattle
SRR29694483	cattle
SRR29694484	cattle
SRR29694485	cattle
SRR29694486	cattle
SRR29694487	cattle
SRR29694488	cattle
SRR29694489	cattle
SRR29694490	cattle
SRR29694491	cattle
SRR29694492	cat
SRR29694493	cat
SRR29694494	cattle
SRR29694495	turkey
SRR29694496	turkey
SRR29694497	cattle
SRR29694498	cattle
SRR29694499	cattle
SRR29694500	turkey
SRR29694501	turkey
SRR29694502	turkey
SRR29694503	turkey
SRR29694504	cattle
SRR29694505	cattle
SRR29694506	cattle
SRR29694507	cattle
SRR29694508	cattle
SRR29694509	cattle
SRR29694510	cattle
SRR29694511	cattle
SRR29694512	cattle
SRR29694513	cattle
SRR29694514	cattle
SRR29694515	cattle
SRR29694516	cattle
SRR29694517	cattle
SRR29694518	cattle
SRR29694519	cattle
SRR29694520	cattle
SRR29694521	turkey
SRR29694522	turkey
SRR29694523	cattle
SRR29694524	cattle
SRR29694525	cattle
SRR29694526	cattle
SRR29694527	cattle
SRR29694528	cattle
SRR29694529	cattle
SRR29694530	cattle
SRR29694531	cattle
SRR29694532	cattle
SRR29694533	cattle
SRR29694534	cattle
SRR29694535	cattle
SRR29694536	cattle
SRR29694537	cattle
SRR29694538	cattle
SRR29694539	cattle
SRR29694540	cattle
SRR29694541	cattle
SRR29694542	cattle
SRR29694543	cattle
SRR29694544	cattle
SRR29694545	cattle
SRR29694546	cattle
SRR29694547	cattle
SRR29694548	cattle
SRR29694549	cattle
SRR29694550	cattle
SRR29694551	cattle
SRR29694552	cattle
SRR29694553	cattle
SRR29694554	cattle
SRR29694555	cattle
SRR29694556	cattle
SRR29694557	cattle
SRR29694558	cattle
SRR29694559	cattle
SRR29694560	cattle
SRR29694561	cattle
SRR29694562	cattle
SRR29694563	cattle
SRR29694564	cattle
SRR29694565	cattle
SRR29694566	cattle
SRR29694567	cattle
SRR29694568	cattle
SRR29694569	cattle
SRR29694570	cattle
SRR29694571	cattle
SRR29694572	cattle
SRR29694573	cattle
SRR29694574	cattle
SRR29694575	cattle
SRR29694576	cattle
SRR29694577	cattle
SRR29694578	cattle
SRR29694579	cattle
SRR29694580	cattle
SRR29694581	cattle
SRR29694582	cattle
SRR29694583	cattle
SRR29694584	cattle
SRR29694585	cattle
SRR29694586	cattle
SRR29694587	cattle
SRR29694588	cattle
SRR29694589	cattle
SRR29694590	cattle
SRR29694591	cattle
SRR29740674	cattle
SRR29740675	cattle
SRR29740676	cattle
SRR29740677	cattle
SRR29740678	cattle
SRR29740679	cattle
SRR29740680	cattle
SRR29740681	cattle
SRR29740682	cattle
SRR29740683	cattle
SRR29740684	turkey
SRR29740686	turkey
SRR29740687	turkey
SRR29740688	turkey
SRR29740690	chicken
SRR29740691	chicken
SRR29740692	chicken
SRR29740693	chicken
SRR29740695	cattle
SRR29740696	cattle
SRR29740699	cattle
SRR29740700	cattle
SRR29740701	cattle
SRR29740702	cattle
SRR29740703	cattle
SRR29740704	cattle
SRR29740705	cattle
SRR29740707	cattle
SRR29740708	cattle
SRR29740709	cattle
SRR29740710	cattle
SRR29740712	cattle
SRR29740713	cattle
SRR29740714	cattle
SRR29740716	cattle
SRR29740717	cattle
SRR29740721	cattle
SRR29740725	cattle
SRR29740727	cattle
SRR29740731	cattle
SRR29740732	cattle
SRR29740733	cattle
SRR29740734	chicken
SRR29740735	turkey
SRR29740737	turkey
SRR29740738	cattle
SRR29740739	cattle
SRR29740740	cattle
SRR29740741	cattle
SRR29740745	cattle
SRR29740746	cattle
SRR29740748	cattle
SRR29740750	cattle
SRR29740751	cattle
SRR29740752	cattle
